,moving_time,timestamp,average_speed,average_temp,average_watts,suffer_score,kmeans_119
0,8189,1697536806.0,7.759,32.0,155.9,176.0,18
1,8033,1697350950.0,8.15,17.0,149.1,117.0,18
2,4925,1697270420.0,4.962,21.0,73.6,28.0,18
3,1432,1697268711.0,6.243,17.0,75.0,4.0,18
4,13563,1697178248.0,7.681,20.0,148.8,108.0,18
5,11934,1697090670.0,7.699,18.0,160.0,214.0,18
6,7518,1696762533.0,7.876,34.0,157.4,128.0,18
7,9733,1696573463.0,7.496,24.0,174.6,148.0,18
8,3368,1696494987.0,6.428,25.0,102.9,10.0,18
9,4970,1696412849.0,8.495,26.0,184.4,90.0,18
10,7072,1696329248.0,7.821,27.0,165.6,145.0,18
11,7730,1696141236.0,8.428,21.371531966224367,163.6,153.0,18
12,6250,1696002636.0,7.636,33.0,153.1,110.0,18
13,5188,1695880378.0,8.048,20.0,175.4,133.0,18
14,4212,1695747915.0,7.958,33.0,170.8,107.0,71
15,723,1695555663.0,4.93,33.0,81.3,3.0,71
16,1355,1695545668.0,3.62,27.0,30.7,5.0,71
17,4020,1695541558.0,9.941,22.0,249.9,211.0,71
18,427,1695540992.0,6.428,19.0,131.5,2.0,71
19,4662,1695397172.0,6.285,31.0,125.4,42.0,71
20,8293,1695187453.0,7.615,20.0,181.1,185.0,71
21,4143,1695018253.0,6.093,23.0,110.4,21.0,71
22,7371,1694930042.0,8.548,24.0,183.0,166.0,71
23,7840,1694845494.0,6.853,25.0,178.6,121.0,71
24,6941,1694761020.0,7.42,26.0,170.8,106.0,71
25,5154,1694592064.0,7.389,24.0,172.1,54.0,71
26,584,1694587918.0,6.571,21.0,159.9,7.0,71
27,6744,1694537189.0,6.309,31.0,132.2,68.0,71
28,4758,1694167149.0,7.271,37.0,162.3,76.0,71
29,4768,1693987115.0,7.039,30.0,167.4,63.0,71
30,4544,1693814537.0,7.368,30.0,158.0,43.0,105
31,8095,1693551495.0,7.278,26.0,167.0,105.0,105
32,4937,1693289745.0,6.809,30.0,145.2,51.0,105
33,5723,1693045204.0,5.831,40.0,97.6,22.0,105
35,6386,1692686104.0,6.809,24.0,150.5,77.0,105
37,10723,1692511265.0,8.292,25.0,171.9,204.0,105
38,9987,1692435509.0,7.393,31.0,164.0,109.0,105
39,5074,1692348716.0,7.262,29.0,160.1,38.0,105
40,4983,1692254613.0,7.179,31.0,154.2,41.0,105
42,8838,1692085341.0,6.48,34.0,139.4,109.0,105
44,8188,1691906158.0,7.922,27.0,157.4,115.0,39
45,10223,1691739328.0,7.435,31.0,156.3,78.0,39
46,7784,1691651833.0,7.384,31.0,155.5,58.0,39
48,7840,1691482336.0,6.817,33.0,138.6,108.0,39
50,8235,1691301152.0,7.843,29.0,141.9,128.0,39
51,6285,1691139435.0,7.573,35.0,156.5,64.0,39
53,11331,1690960371.0,6.374,35.0,130.8,109.0,39
55,7844,1690696207.0,8.084,31.0,149.1,170.0,39
57,7330,1690268802.0,7.015,34.0,141.6,86.0,95
59,8407,1690091204.0,7.754,30.0,141.3,92.0,95
60,15776,1690013158.0,6.562,40.0,150.6,232.0,95
61,12254,1689838899.0,6.892,39.0,153.5,186.0,95
63,6294,1689665135.0,7.019,34.0,140.2,92.0,95
65,7800,1689486306.0,8.135,31.0,143.0,103.0,95
66,11380,1689398318.0,8.231,32.0,159.1,214.0,95
67,9425,1689233273.0,6.943,35.0,151.9,143.0,95
69,6774,1689061424.0,7.158,33.0,149.5,104.0,95
70,8055,1688883606.0,8.106,30.0,151.6,158.0,95
71,10956,1688711194.0,6.586,31.0,130.2,118.0,95
72,4769,1688458898.0,6.965,33.0,129.0,40.0,95
73,8458,1688278633.0,7.957,29.0,153.8,144.0,14
74,7867,1688104055.0,7.781,25.0,140.0,89.0,14
75,10573,1687933145.0,7.078,28.0,138.5,122.0,14
77,257,1687855763.0,5.525,21.371531966224367,75.8,0.0,14
78,424,1687820068.0,5.563,21.371531966224367,70.5,1.0,14
79,445,1687788596.0,5.334,21.371531966224367,61.6,1.0,14
80,3946,1687762222.0,6.52,27.0,97.3,15.0,14
81,1952,1687683424.0,6.961,21.371531966224367,100.6,12.0,14
82,4328,1687676471.0,9.054,21.371531966224367,215.7,110.0,14
83,1735,1687673862.0,7.187,22.0,128.1,11.0,14
84,21748,1687499469.0,7.492,28.0,153.9,357.0,14
85,428,1687377732.0,5.163,21.371531966224367,79.3,1.0,14
86,451,1687362077.0,5.218,21.371531966224367,62.5,1.0,14
87,329,1687351508.0,4.54,21.371531966224367,52.0,1.0,14
88,273,1687347794.0,5.147,21.371531966224367,63.0,0.0,14
89,12453,1687327004.0,6.793,26.0,105.7,56.0,14
90,434,1687301794.0,5.408,21.371531966224367,80.6,1.0,14
91,458,1687270386.0,5.112,21.371531966224367,61.6,1.0,14
92,314,1687263942.0,3.912,21.371531966224367,37.9,0.0,14
94,312,1687253398.0,4.004,21.371531966224367,37.1,0.0,14
95,501,1687215240.0,5.215,21.371531966224367,89.5,1.0,14
96,422,1687184009.0,5.498,21.371531966224367,74.1,1.0,14
97,5679,1687156387.0,6.294,26.0,90.3,18.0,14
98,7870,1687068917.0,8.064,26.0,161.2,132.0,14
99,11812,1686892003.0,8.015,24.0,167.0,193.0,14
100,487,1686773069.0,4.751,21.371531966224367,54.6,1.0,14
101,510,1686757388.0,4.767,21.371531966224367,56.0,1.0,14
102,11920,1686724433.0,7.039,26.0,110.7,92.0,14
103,462,1686696939.0,5.178,21.371531966224367,60.5,1.0,14
104,469,1686665555.0,5.481,21.371531966224367,70.7,1.0,101
106,266,1686649543.0,4.701,21.371531966224367,51.7,0.0,101
107,461,1686610593.0,5.048,21.371531966224367,51.2,1.0,101
108,466,1686579083.0,5.134,21.371531966224367,67.7,1.0,101
109,4749,1686550668.0,6.747,20.0,98.0,24.0,101
110,7947,1686464206.0,7.899,22.0,162.1,176.0,101
111,409,1686344612.0,5.706,21.371531966224367,81.0,1.0,101
112,468,1686325336.0,5.429,21.371531966224367,71.4,1.0,101
113,339,1686257932.0,6.066,21.371531966224367,88.0,0.0,101
114,437,1686239010.0,5.629,21.371531966224367,73.1,0.0,101
115,462,1686171545.0,4.846,21.371531966224367,77.5,1.0,101
116,465,1686152576.0,5.218,21.371531966224367,56.9,1.0,101
117,7480,1686119584.0,7.807,22.0,129.0,68.0,101
118,431,1686092334.0,5.374,21.371531966224367,70.5,1.0,101
119,446,1686073574.0,5.612,21.371531966224367,73.8,1.0,101
120,607,1685959200.0,6.334,28.0,94.4,65.4145810663765,101
121,7314,1685859496.0,8.289,24.0,164.7,136.0,101
122,705,1685816778.0,5.604,21.371531966224367,78.2,1.0,101
123,755,1685792358.0,5.198,21.371531966224367,100.6,2.0,101
124,321,1685739724.0,4.979,21.371531966224367,48.1,0.0,101
125,345,1685720776.0,4.759,21.371531966224367,69.3,0.0,101
126,14016,1685683303.0,7.501,23.0,148.6,198.0,101
127,349,1685654137.0,5.162,21.371531966224367,55.0,0.0,101
128,319,1685633918.0,4.843,21.371531966224367,62.1,0.0,101
129,416,1685567116.0,4.648,21.371531966224367,42.1,0.0,101
130,327,1685547811.0,4.825,21.371531966224367,66.0,1.0,101
131,6842,1685512005.0,7.814,20.0,148.7,80.0,101
132,414,1685480588.0,4.353,21.371531966224367,37.5,1.0,101
133,324,1685461313.0,4.984,21.371531966224367,64.8,0.0,101
134,3808,1685343015.0,6.284,24.0,95.6,30.0,101
135,10362,1685254838.0,7.594,25.0,147.4,188.0,34
136,735,1685215523.0,5.402,21.371531966224367,67.3,3.0,34
137,705,1685191370.0,5.554,21.371531966224367,127.2,2.0,34
138,9178,1685166760.0,6.93,23.0,129.2,148.0,34
139,2829,1685120076.0,6.405,31.0,91.7,12.0,34
140,363,1685048602.0,4.88,21.371531966224367,41.8,0.0,34
141,325,1685029319.0,4.855,21.371531966224367,64.6,0.0,34
142,1160,1684962362.0,5.722,21.371531966224367,72.4,5.0,34
143,372,1684942853.0,4.996,21.371531966224367,78.3,0.0,34
144,355,1684875769.0,5.402,21.371531966224367,62.5,1.0,34
145,293,1684856886.0,5.304,21.371531966224367,67.9,0.0,34
146,6765,1684835254.0,7.189,21.371531966224367,110.4,45.0,34
147,375,1684789339.0,5.264,21.371531966224367,53.4,1.0,34
148,338,1684770356.0,4.64,21.371531966224367,63.9,0.0,34
149,752,1684711457.0,5.263,21.371531966224367,57.3,2.0,34
150,680,1684701897.0,5.791,21.371531966224367,81.0,2.0,34
151,5751,1684664163.0,6.69,34.0,94.8,22.0,34
152,8086,1684577662.0,7.59,32.0,123.3,133.0,34
153,747,1684544258.0,6.261,21.371531966224367,94.1,3.0,34
154,398,1684530279.0,6.141,21.371531966224367,87.5,2.0,34
155,312,1684511325.0,5.026,21.371531966224367,68.5,1.0,34
156,5832,1684489183.0,7.352,24.0,110.6,90.0,34
157,329,1684357519.0,5.862,21.371531966224367,63.6,1.0,34
158,316,1684338256.0,4.966,21.371531966224367,69.1,1.0,34
159,5205,1684315235.0,7.651,29.0,126.7,100.0,34
161,291,1684251893.0,5.397,21.371531966224367,71.2,0.0,34
162,5660,1684228355.0,7.402,32.0,115.7,71.0,34
163,360,1684184775.0,5.396,21.371531966224367,51.0,0.0,34
164,318,1684165391.0,4.989,21.371531966224367,73.4,0.0,34
165,2595,1684143542.0,5.237,31.0,63.7,6.0,34
166,5269,1684063796.0,7.301,35.0,111.1,53.0,65
167,602,1684019928.0,6.635,21.371531966224367,93.8,4.0,65
168,684,1684001286.0,5.675,21.371531966224367,74.3,2.0,65
169,6724,1683909142.0,7.527,31.0,119.5,130.0,65
170,302,1683838846.0,5.881,21.371531966224367,62.0,1.0,65
171,255,1683819932.0,6.069,21.371531966224367,88.7,2.0,65
172,305,1683752476.0,5.947,21.371531966224367,72.8,1.0,65
173,266,1683733613.0,5.842,21.371531966224367,84.5,1.0,65
174,3809,1683715558.0,7.438,22.0,122.0,77.0,65
175,358,1683666122.0,4.863,21.371531966224367,52.9,1.0,65
176,311,1683647140.0,5.275,21.371531966224367,72.6,1.0,65
177,5666,1683621993.0,7.397,25.0,114.5,65.0,65
178,363,1683579958.0,5.537,21.371531966224367,77.6,0.0,65
179,281,1683560424.0,5.505,21.371531966224367,76.5,0.0,65
180,436,1683552635.0,5.407,21.371531966224367,57.9,2.0,65
181,526,1683541957.0,5.925,21.371531966224367,77.8,0.0,65
182,3336,1683526844.0,6.46,19.0,102.1,32.0,65
183,3566,1683458726.0,6.146,28.0,93.2,20.0,65
185,539,1683397104.0,5.365,21.371531966224367,66.4,2.0,65
187,674,1683388916.0,4.928,21.371531966224367,64.5,2.0,65
188,313,1683327695.0,5.711,21.371531966224367,63.1,1.0,65
189,288,1683296087.0,5.873,21.371531966224367,85.8,2.0,65
190,4543,1683281474.0,7.487,22.0,117.4,52.0,65
191,282,1683241471.0,6.343,21.371531966224367,83.4,0.0,65
192,264,1683225765.0,6.438,21.371531966224367,107.3,3.0,65
193,520,1683219517.0,5.296,21.371531966224367,66.1,2.0,65
194,506,1683188430.0,5.274,21.371531966224367,65.5,1.0,65
195,5090,1683127812.0,6.98,28.0,129.4,141.0,65
196,338,1683068484.0,6.034,21.371531966224367,85.0,65.4145810663765,65
197,332,1683036715.0,5.161,21.371531966224367,102.0,65.4145810663765,65
198,1614,1683025777.0,6.521,21.371531966224367,99.4,65.4145810663765,65
199,541,1683015265.0,5.101,21.371531966224367,79.4,65.4145810663765,65
200,3450,1682959114.0,7.347,30.0,115.2,81.0,65
201,591,1682835814.0,6.598,21.371531966224367,101.3,65.4145810663765,80
202,705,1682773837.0,5.888,21.371531966224367,97.9,65.4145810663765,80
203,400,1682687756.0,5.921,21.371531966224367,112.0,65.4145810663765,80
204,613,1682674403.0,5.07,21.371531966224367,79.4,65.4145810663765,80
205,442,1682624911.0,6.283,21.371531966224367,98.2,65.4145810663765,80
206,408,1682621416.0,6.251,21.371531966224367,104.1,65.4145810663765,80
207,321,1682549965.0,6.367,21.371531966224367,89.2,65.4145810663765,80
208,277,1682518407.0,5.906,21.371531966224367,103.3,65.4145810663765,80
209,3395,1682488883.0,7.551,15.0,121.5,73.0,80
210,486,1682448529.0,5.623,21.371531966224367,89.3,65.4145810663765,80
211,491,1682413844.0,5.603,21.371531966224367,84.2,65.4145810663765,80
212,539,1682346146.0,5.963,21.371531966224367,94.7,65.4145810663765,80
213,725,1682343726.0,5.683,21.371531966224367,106.7,65.4145810663765,80
214,488,1682336335.0,5.673,21.371531966224367,87.7,65.4145810663765,80
215,567,1682319741.0,4.835,21.371531966224367,82.0,65.4145810663765,80
216,4103,1682150673.0,7.104,21.0,108.8,49.0,80
217,486,1682016469.0,5.828,21.371531966224367,101.2,65.4145810663765,80
218,513,1681980747.0,5.142,21.371531966224367,89.2,65.4145810663765,80
219,5147,1681883474.0,7.407,15.0,136.4,102.0,80
220,494,1681843700.0,5.67,21.371531966224367,87.8,65.4145810663765,80
221,552,1681807071.0,5.199,21.371531966224367,88.4,65.4145810663765,80
222,4324,1681712355.0,5.607,16.0,80.2,20.0,1
223,7808,1681627703.0,7.741,18.0,149.8,213.0,1
225,5141,1681542455.0,6.736,15.0,96.7,65.4145810663765,1
226,516,1681505052.0,5.859,21.371531966224367,89.5,65.4145810663765,1
227,522,1681490824.0,5.671,21.371531966224367,81.0,65.4145810663765,1
228,568,1681409852.0,5.024,21.371531966224367,89.5,65.4145810663765,1
229,493,1681369845.0,5.584,21.371531966224367,82.9,65.4145810663765,1
230,5207,1681278435.0,7.3,17.0,130.4,65.4145810663765,1
231,457,1681238939.0,5.96,21.371531966224367,87.0,65.4145810663765,1
232,539,1681202467.0,4.973,21.371531966224367,71.4,65.4145810663765,1
233,4684,1681107135.0,5.739,17.0,81.3,65.4145810663765,1
234,3672,1681030348.0,5.645,21.0,81.1,65.4145810663765,1
235,460,1680965260.0,5.109,21.371531966224367,79.2,65.4145810663765,1
236,427,1680951086.0,5.427,21.371531966224367,90.2,65.4145810663765,1
237,718,1680945370.0,5.567,21.371531966224367,82.0,65.4145810663765,1
238,710,1680906535.0,5.621,21.371531966224367,102.2,65.4145810663765,1
239,572,1680902804.0,5.347,21.371531966224367,76.7,65.4145810663765,1
240,648,1680896125.0,4.733,21.371531966224367,76.1,65.4145810663765,1
241,3033,1680859217.0,7.66,18.0,127.0,65.4145810663765,1
242,422,1680806201.0,6.557,21.371531966224367,111.8,65.4145810663765,1
243,589,1680781147.0,5.154,21.371531966224367,86.6,65.4145810663765,1
244,3358,1680692749.0,7.628,17.0,123.7,65.4145810663765,1
245,483,1680634319.0,5.83,21.371531966224367,92.0,65.4145810663765,107
246,481,1680604829.0,5.801,21.371531966224367,98.2,65.4145810663765,107
247,575,1680552426.0,5.254,21.371531966224367,83.9,65.4145810663765,107
248,604,1680543676.0,4.862,21.371531966224367,73.2,65.4145810663765,107
249,4368,1680502372.0,5.49,11.0,81.7,65.4145810663765,107
250,1645,1680435926.0,5.982,21.371531966224367,105.0,65.4145810663765,107
251,507,1680434596.0,5.157,21.371531966224367,94.5,65.4145810663765,107
252,1161,1680403717.0,4.341,21.371531966224367,71.6,65.4145810663765,107
253,949,1680392084.0,5.201,21.371531966224367,95.8,65.4145810663765,107
254,2710,1680335797.0,7.352,21.371531966224367,118.3,65.4145810663765,107
255,495,1680297272.0,5.463,21.371531966224367,96.0,65.4145810663765,107
256,464,1680291232.0,5.484,21.371531966224367,113.3,65.4145810663765,107
257,727,1680204111.0,4.178,21.371531966224367,63.7,65.4145810663765,107
258,632,1680176316.0,5.161,21.371531966224367,75.2,65.4145810663765,107
259,3239,1680033288.0,5.31,21.371531966224367,76.4,65.4145810663765,107
260,486,1680006265.0,5.551,21.371531966224367,83.5,65.4145810663765,107
261,498,1679865101.0,6.111,21.371531966224367,80.1,65.4145810663765,107
262,519,1679859522.0,5.744,21.371531966224367,92.4,65.4145810663765,107
263,2811,1679828449.0,5.562,21.371531966224367,82.1,65.4145810663765,107
264,537,1679767844.0,5.641,21.371531966224367,81.1,65.4145810663765,107
265,614,1679760666.0,5.451,21.371531966224367,105.3,65.4145810663765,107
266,559,1679707487.0,6.363,21.371531966224367,114.0,65.4145810663765,107
267,562,1679695110.0,5.748,21.371531966224367,119.5,65.4145810663765,107
268,646,1679678924.0,4.288,21.371531966224367,97.8,65.4145810663765,107
273,3970,1650524564.0,6.382,23.0,111.1,65.4145810663765,46
303,592,1636788157.0,0.0,21.371531966224367,135.34960346070656,0.0,44
315,1186,1634979228.0,0.0,21.371531966224367,135.34960346070656,14.0,44
324,1223,1633590875.0,0.0,21.371531966224367,135.34960346070656,13.0,44
329,4198,1631341648.0,5.925,20.0,132.5,65.4145810663765,23
330,5381,1631082591.0,4.688,19.0,91.6,65.4145810663765,23
331,4533,1630651929.0,5.78,19.0,117.9,65.4145810663765,23
332,4183,1630566545.0,5.897,20.0,105.3,65.4145810663765,23
333,4896,1630392460.0,4.955,18.0,102.4,65.4145810663765,23
334,4199,1630047518.0,5.815,18.0,120.8,65.4145810663765,23
335,5891,1629874397.0,6.217,21.0,95.9,65.4145810663765,23
336,2903,1629095892.0,6.236,18.0,116.9,65.4145810663765,60
337,7183,1628922722.0,6.214,21.0,130.4,65.4145810663765,60
338,3308,1628837189.0,5.48,18.0,84.4,65.4145810663765,60
339,3824,1628577327.0,7.637,20.0,143.6,65.4145810663765,60
340,3160,1628491579.0,5.694,19.0,98.7,65.4145810663765,60
341,7239,1628318494.0,5.985,21.371531966224367,143.6,65.4145810663765,60
342,3192,1628233137.0,5.676,21.371531966224367,89.5,65.4145810663765,60
343,6395,1627283481.0,6.585,21.371531966224367,100.4,65.4145810663765,70
344,2817,1626938361.0,6.439,19.0,126.1,65.4145810663765,70
345,3380,1626678621.0,5.473,20.0,83.5,65.4145810663765,70
346,6174,1626504744.0,5.886,22.0,95.6,65.4145810663765,70
347,4698,1626416667.0,7.232,21.0,126.2,65.4145810663765,70
348,4407,1626331942.0,5.695,21.0,83.2,65.4145810663765,70
349,3109,1626157066.0,5.921,19.0,92.7,65.4145810663765,70
350,3222,1626073604.0,5.603,21.0,84.7,65.4145810663765,70
351,3354,1625906006.0,7.375,23.0,120.7,1.0,70
352,3056,1625728329.0,5.924,22.0,101.4,1.0,70
353,2976,1625554436.0,6.086,21.0,106.4,65.4145810663765,70
354,6332,1624688914.0,6.185,20.0,112.0,65.4145810663765,7
355,6695,1624517232.0,6.029,21.0,86.8,65.4145810663765,7
356,3120,1624430687.0,6.464,21.0,98.2,65.4145810663765,7
357,2999,1623741879.0,6.029,22.0,84.2,65.4145810663765,7
358,2668,1623395745.0,6.804,21.0,136.1,65.4145810663765,7
359,4328,1623308925.0,5.886,21.0,102.1,9.0,7
360,1200,1622488196.0,5.851,26.0,109.2,65.4145810663765,7
361,2100,1621882270.0,3.869,27.0,51.2,65.4145810663765,98
362,1800,1621365553.0,5.171,25.0,106.4,65.4145810663765,98
363,2700,1621106340.0,5.867,28.0,112.3,65.4145810663765,98
364,1865,1620846338.0,6.421,27.0,128.9,65.4145810663765,98
365,1801,1620329182.0,7.246,27.0,166.5,65.4145810663765,98
366,1800,1620245320.0,4.996,27.0,83.9,65.4145810663765,98
367,2100,1620155054.0,4.37,27.0,74.6,3.0,98
369,1800,1619207639.0,7.186,25.0,161.1,26.0,30
370,1801,1619033016.0,5.212,27.0,116.3,13.0,30
371,1801,1618945688.0,5.552,27.0,107.3,12.0,30
372,1800,1618596103.0,4.919,27.0,111.3,32.0,30
373,1860,1618509661.0,7.143,24.0,166.5,48.0,30
374,2101,1618337372.0,3.629,24.0,78.6,48.0,30
375,1800,1618247027.0,7.385,24.0,172.9,50.0,30
376,1998,1618077728.0,6.853,26.0,162.5,51.0,30
377,2400,1617992338.0,6.986,25.0,146.8,54.0,30
378,2100,1617906574.0,6.691,26.0,145.1,49.0,30
379,2166,1617732009.0,4.995,36.0,92.6,36.0,30
380,1801,1617650548.0,8.093,27.0,181.2,55.0,30
381,2311,1617471765.0,5.32,27.0,106.2,38.0,104
382,2352,1617297277.0,4.874,27.0,86.7,27.0,104
384,1680,1617043651.0,6.524,28.0,129.0,43.0,104
385,1950,1616751994.0,7.276,26.0,157.5,43.0,104
386,1800,1616664879.0,4.543,27.0,93.6,24.0,104
388,2273,1616401841.0,5.142,26.0,106.0,26.0,104
389,2100,1616262794.0,3.635,26.0,70.6,15.0,104
397,5348,1614322153.0,8.904,17.0,158.8,95.0,99
398,2896,1614150647.0,6.912,17.0,103.1,14.0,99
400,5455,1613978177.0,6.739,17.0,128.4,72.0,99
401,5637,1613716767.0,8.445,15.0,147.2,74.0,99
404,4018,1613373744.0,5.704,17.0,92.4,17.0,99
405,8420,1613200899.0,6.005,19.0,108.7,82.0,99
406,6650,1613114032.0,8.752,14.0,142.6,120.0,99
407,4967,1612939675.0,6.955,12.0,146.3,99.0,99
408,5820,1612767651.0,8.181,12.0,147.8,116.0,99
410,6561,1612334235.0,7.258,13.0,112.3,73.0,20
412,5616,1612163072.0,8.545,14.0,156.6,153.0,20
413,6205,1611815262.0,6.617,14.0,118.9,78.0,20
415,2736,1611558497.0,6.586,13.0,127.2,34.0,20
417,2983,1610954582.0,5.972,18.0,96.7,14.0,20
421,2079,1609915311.0,8.817,17.0,124.4,18.0,49
422,4483,1609486100.0,5.902,17.0,97.1,22.0,49
424,7147,1609310718.0,8.832,13.0,143.3,87.0,49
425,3210,1609140154.0,5.602,13.0,95.7,13.0,49
427,4532,1608881483.0,5.905,16.0,104.2,30.0,49
428,3300,1608793521.0,6.122,10.0,110.3,28.0,49
430,4346,1608535417.0,6.157,13.0,104.4,39.0,49
432,3954,1608275496.0,5.705,16.0,93.6,30.0,110
433,3340,1608189267.0,5.455,15.0,80.1,10.0,110
435,3978,1607930916.0,5.818,18.0,92.0,28.0,110
437,4193,1607671262.0,5.497,18.0,81.6,20.0,110
438,3044,1607584595.0,5.934,17.0,98.5,18.0,110
441,4052,1607066515.0,5.706,16.0,82.4,21.0,110
445,4222,1606461912.0,5.656,20.0,90.4,32.0,110
447,3943,1606116511.0,5.632,21.0,76.3,19.0,41
449,3592,1605251277.0,6.213,17.0,95.6,43.0,41
451,3767,1604904256.0,7.781,14.0,146.3,87.0,41
452,4075,1604731607.0,6.229,16.0,97.7,42.0,41
453,3709,1604645233.0,6.093,16.0,87.5,30.0,41
454,3766,1604472574.0,7.777,16.0,142.4,84.0,41
455,3343,1604300235.0,7.5,18.0,138.0,64.0,41
456,2917,1603953170.0,6.224,16.0,96.8,22.0,41
457,3175,1603781233.0,5.662,17.0,81.2,19.0,41
458,2747,1602311809.0,6.537,20.0,104.3,30.0,4
459,4933,1602224742.0,5.873,20.0,78.8,29.0,4
460,3853,1602052038.0,5.961,20.0,89.2,65.4145810663765,4
461,4051,1601965716.0,5.765,19.0,81.0,22.0,4
462,3064,1601880453.0,5.874,20.0,87.2,17.0,4
463,4979,1601619856.0,6.012,21.0,86.8,57.0,4
464,2974,1601534816.0,6.058,19.0,90.2,46.0,4
465,51131,1601319723.0,0.164,25.0,135.34960346070656,98.0,4
466,2401,1599640003.0,5.372,26.0,135.34960346070656,14.0,35
467,2401,1599466795.0,5.616,24.0,135.34960346070656,17.0,35
468,1801,1599036117.0,5.419,24.0,135.34960346070656,16.0,35
469,1861,1598515423.0,4.662,23.0,135.34960346070656,14.0,35
470,2112,1598257858.0,5.631,24.0,135.34960346070656,19.0,35
471,2702,1597997284.0,5.908,22.0,135.34960346070656,65.4145810663765,35
472,1660,1597739545.0,5.557,22.0,135.34960346070656,65.4145810663765,35
473,2701,1597601254.0,5.528,21.0,135.34960346070656,60.0,35
474,1501,1596728890.0,4.997,23.0,98.5,16.0,56
475,1551,1596302557.0,5.792,25.0,115.1,24.0,56
476,2700,1595924408.0,5.875,25.0,115.6,40.0,56
477,2700,1595838516.0,5.307,24.0,100.2,29.0,56
478,2700,1595578044.0,5.785,25.0,106.1,31.0,56
479,1800,1595446782.0,4.224,25.0,60.8,12.0,56
480,2700,1595271309.0,5.884,24.0,113.3,53.0,56
481,3000,1595092203.0,6.032,24.0,114.5,58.0,56
482,2700,1594839428.0,5.768,22.0,114.6,51.0,56
483,2754,1594753736.0,4.91,24.0,97.5,33.0,56
484,2100,1594664541.0,5.784,24.0,110.4,36.0,56
485,1200,1594498087.0,4.97,25.0,85.8,10.0,56
486,1209,1594415261.0,2.61,25.0,29.4,3.0,56
493,4597,1584600689.0,6.034,18.0,97.1,27.0,53
494,5019,1584425900.0,8.254,18.0,158.8,91.0,53
495,6967,1584254707.0,6.612,19.0,136.1,99.0,53
496,3796,1584080955.0,6.987,13.0,117.0,38.0,53
497,10339,1582957819.0,7.687,18.0,137.3,79.0,77
498,5027,1582613196.0,8.325,16.0,163.3,82.0,77
499,9872,1582353399.0,8.073,18.0,157.7,128.0,77
500,3649,1582181473.0,8.075,16.0,164.8,65.0,77
501,4364,1582007962.0,7.609,16.0,150.5,65.0,77
502,5881,1581835068.0,8.175,15.0,157.1,107.0,77
503,3709,1581662867.0,7.983,15.0,165.1,65.0,77
504,2400,1581405043.0,0.0,23.0,135.34960346070656,54.0,77
505,2693,1581233419.0,6.841,15.0,119.1,48.0,77
506,4514,1579421776.0,0.0,22.0,135.34960346070656,46.0,12
507,3310,1579244617.0,0.0,21.0,135.34960346070656,63.0,12
509,5085,1578984045.0,6.811,13.0,115.3,77.0,12
510,3797,1578813506.0,5.514,15.0,83.4,23.0,12
511,6200,1578725504.0,5.851,14.0,98.9,42.0,12
512,5191,1578551726.0,7.622,14.0,115.4,54.0,12
513,5204,1578379117.0,7.582,14.0,140.0,64.0,12
514,4968,1578206976.0,6.551,14.0,128.8,55.0,12
515,5124,1578033602.0,6.287,13.0,120.6,34.0,47
517,3821,1577775056.0,5.453,12.0,83.6,20.0,47
518,3797,1576998510.0,5.409,18.0,78.6,25.0,47
519,3157,1576912492.0,5.727,14.0,88.3,34.0,47
520,744,1576835044.0,3.967,20.0,79.7,65.4145810663765,47
521,918,1573981696.0,5.475,23.0,72.2,2.0,55
522,8451,1573973197.0,8.894,19.0,148.5,73.0,55
523,634,1573972545.0,4.737,21.0,143.4,3.0,55
524,11520,1573885101.0,6.709,20.0,131.3,163.0,55
525,3427,1573801803.0,4.973,18.0,79.8,9.0,55
526,9179,1573626729.0,7.412,19.0,139.9,71.0,55
527,8530,1573539407.0,5.747,18.0,119.6,91.0,55
528,4501,1561918051.0,6.291,22.0,135.34960346070656,39.0,16
529,3601,1561656213.0,4.87,24.0,135.34960346070656,40.0,16
530,2401,1561494518.0,4.362,24.0,135.34960346070656,14.0,16
531,4532,1561274999.0,7.339,23.0,178.2,86.0,16
532,4301,1561185863.0,6.33,24.0,145.5,63.0,16
533,4200,1561054658.0,6.496,24.0,164.7,91.0,16
534,8921,1560838053.0,6.337,22.0,132.0,91.0,16
535,7459,1560578709.0,7.509,20.0,139.3,93.0,16
536,4084,1560456928.0,6.779,23.0,138.9,77.0,16
537,6897,1560232998.0,6.971,22.0,139.0,82.0,16
538,9576,1560059720.0,9.271,26.0,164.0,181.0,16
539,1252,1559981098.0,4.131,25.0,253.0,61.0,16
540,541,1559978905.0,9.603,22.0,24.0,1.0,16
541,1274,1559977498.0,4.068,23.0,245.4,53.0,16
542,521,1559975896.0,9.932,21.0,0.4,1.0,16
543,1321,1559974379.0,3.956,22.0,242.7,46.0,16
544,6075,1559800331.0,7.93,23.0,133.6,78.0,16
545,7473,1559627802.0,6.451,22.0,120.8,74.0,16
546,3600,1559410436.0,5.309,26.0,126.5,52.0,16
547,2700,1558888823.0,7.207,27.0,160.0,54.0,69
548,1800,1558468191.0,7.884,27.0,182.0,67.0,69
549,3000,1558276820.0,6.784,26.0,156.8,73.0,69
550,3600,1558016475.0,7.173,24.0,167.2,89.0,69
551,3656,1557851155.0,7.152,24.0,163.5,79.0,69
552,9339,1557641083.0,9.412,22.0,177.0,224.0,69
553,3600,1557579214.0,7.124,24.0,163.2,67.0,69
554,3600,1557407157.0,6.123,26.0,130.7,31.0,69
555,3835,1557245552.0,7.7,33.0,147.5,53.0,69
556,3369,1557035652.0,5.467,19.0,83.0,8.0,69
557,9587,1556431260.0,9.199,26.0,163.7,173.0,33
558,9332,1556346267.0,3.865,29.0,58.2,22.0,33
559,3601,1555923247.0,6.218,25.0,145.1,65.0,33
560,7080,1555740075.0,5.928,18.0,104.8,39.0,33
561,8571,1555568020.0,6.478,19.0,134.7,101.0,33
562,8852,1555394358.0,6.456,21.0,132.9,89.0,33
563,1329,1555230094.0,10.218,25.0,225.3,79.0,33
564,125,1555229946.0,6.13,27.0,39.8,0.0,33
565,7280,1554791106.0,8.687,22.0,155.3,81.0,33
566,589,1554624093.0,6.726,24.0,74.3,2.0,33
567,2622,1554620041.0,11.468,19.0,332.2,152.0,33
568,361,1554618676.0,6.73,18.0,113.2,2.0,33
569,2700,1554367153.0,0.0,23.0,166.9,75.0,96
570,3000,1554207980.0,0.0,25.0,166.9,55.0,96
571,3451,1554019773.0,8.293,29.0,122.3,43.0,96
572,2793,1554016951.0,10.79,20.0,236.7,98.0,96
573,3378,1554013242.0,8.046,21.0,106.5,17.0,96
574,2701,1553858456.0,0.0,26.0,170.7,64.0,96
575,2700,1553768425.0,0.0,24.0,164.4,58.0,96
576,4120,1553599243.0,0.0,24.0,140.8,76.0,96
577,3576,1553415257.0,7.919,27.0,128.0,60.0,96
578,2927,1553412271.0,10.675,18.0,229.1,102.0,96
579,3434,1553407542.0,8.001,17.0,115.1,24.0,96
580,6231,1553322037.0,7.722,19.0,138.2,90.0,96
581,9217,1552976682.0,6.16,18.0,132.5,103.0,96
582,3065,1552804282.0,6.577,17.0,135.0,39.0,96
583,7971,1552026026.0,6.262,15.0,129.0,69.0,108
584,8053,1551853294.0,6.205,13.0,132.8,63.0,108
585,2878,1551594188.0,6.317,15.0,118.8,13.0,108
586,5025,1551337282.0,9.539,12.0,204.1,125.0,108
587,3719,1550995707.0,7.159,23.0,115.8,39.0,108
588,4010,1550988473.0,10.351,17.0,224.6,212.0,108
589,1960,1550984287.0,5.042,18.0,84.8,8.0,108
590,2613,1550648844.0,9.254,17.0,116.7,43.0,108
591,1812,1550645149.0,12.388,14.0,65.8,98.0,108
592,1559,1550642079.0,3.835,16.0,53.5,6.0,108
593,1723,1550398233.0,5.933,24.0,61.9,13.0,108
594,9776,1550386466.0,10.559,13.0,130.3,221.0,108
595,386,1550385286.0,3.006,16.0,88.8,1.0,108
596,8267,1550298988.0,6.774,14.0,133.3,89.0,108
597,7578,1550126420.0,6.578,16.0,135.4,80.0,108
598,7562,1549954202.0,6.53,16.0,136.7,87.0,6
599,6563,1549788855.0,7.305,19.0,145.4,93.0,6
600,6290,1549781531.0,10.395,9.0,192.4,167.0,6
601,236,1549780991.0,3.077,13.0,140.5,1.0,6
602,7584,1549521609.0,6.583,13.0,136.7,73.0,6
603,7681,1549348748.0,6.493,14.0,138.4,85.0,6
604,2824,1549193474.0,7.611,25.0,112.7,34.0,6
605,511,1549190053.0,6.303,23.0,112.5,5.0,6
606,8869,1549176610.0,9.954,15.0,167.3,294.0,6
607,5619,1548744821.0,8.51,10.0,166.8,77.0,6
608,6739,1548581536.0,8.179,21.371531966224367,170.7,65.4145810663765,6
609,7496,1548571184.0,8.074,13.0,140.1,58.0,6
610,10005,1548485082.0,6.343,11.0,140.4,118.0,6
611,7626,1548312544.0,6.564,13.0,135.4,74.0,6
612,7442,1547966453.0,6.943,12.0,110.6,32.0,50
613,8900,1547880008.0,6.536,14.0,147.5,130.0,50
614,7679,1547707715.0,6.45,13.0,134.9,82.0,50
615,5406,1547534684.0,8.832,12.0,180.5,115.0,50
616,6470,1547361918.0,9.674,9.0,190.3,277.0,50
617,8148,1547102901.0,6.143,11.0,128.9,88.0,50
618,5410,1546930191.0,8.846,9.0,182.9,143.0,50
619,7896,1546671381.0,6.247,13.0,133.5,111.0,50
620,6050,1546498784.0,4.798,11.0,125.2,83.0,50
621,6760,1546065798.0,6.997,11.0,144.0,112.0,50
622,7593,1545892966.0,6.587,11.0,144.6,114.0,50
623,5632,1545547200.0,8.391,13.0,138.2,85.0,50
624,3600,1544093598.0,6.919,21.0,151.2,64.0,52
625,3601,1543765514.0,7.204,19.0,170.6,91.0,52
626,4501,1543338597.0,7.488,22.0,161.0,55.0,52
627,3600,1543163198.0,7.031,22.0,160.1,83.0,52
628,3601,1542902082.0,7.834,23.0,145.4,77.0,52
629,3600,1542739768.0,6.927,23.0,107.0,65.0,52
630,4846,1542524603.0,7.029,16.0,101.2,39.0,52
631,6577,1542263211.0,7.125,16.0,96.7,70.0,52
632,6380,1542177032.0,8.187,14.0,100.6,105.0,52
633,724,1542138735.0,4.178,22.0,88.8,65.4145810663765,52
634,3553,1542090101.0,6.83,13.0,119.1,34.0,52
635,1626,1541325013.0,6.898,29.0,151.2,31.0,13
636,7034,1541312244.0,10.705,19.0,273.6,286.0,13
637,89,1541312121.0,5.024,19.0,242.8,2.0,13
638,2372,1541140220.0,7.755,15.0,148.5,39.0,13
639,6075,1541053902.0,7.883,16.0,162.3,78.0,13
640,3216,1540967828.0,7.348,14.0,134.3,51.0,13
641,4501,1540636211.0,7.478,24.0,135.34960346070656,65.0,13
642,4500,1540498421.0,8.06,24.0,135.34960346070656,79.0,13
643,3901,1540062651.0,7.954,24.0,135.34960346070656,103.0,13
644,3600,1539859021.0,7.823,24.0,135.34960346070656,60.0,13
645,3601,1539801635.0,7.349,24.0,135.34960346070656,42.0,13
646,3600,1539196080.0,7.588,25.0,135.34960346070656,59.0,64
647,3600,1538908779.0,8.025,24.0,135.34960346070656,107.0,64
648,3600,1538680214.0,8.277,23.0,135.34960346070656,90.0,64
649,1653,1538470116.0,9.276,26.0,226.2,42.0,64
650,1622,1538462101.0,8.922,20.0,291.9,92.0,64
651,4983,1538202629.0,7.759,20.0,178.3,70.0,64
652,3601,1538040251.0,7.22,24.0,135.34960346070656,68.0,64
653,3601,1537872488.0,7.583,23.0,135.34960346070656,65.4145810663765,64
654,3600,1537724816.0,7.763,23.0,135.34960346070656,65.4145810663765,64
655,3602,1537474838.0,7.324,22.0,135.34960346070656,65.4145810663765,64
656,3601,1537267920.0,7.542,23.0,135.34960346070656,65.4145810663765,64
657,3601,1537101184.0,7.878,23.0,135.34960346070656,65.4145810663765,64
658,3600,1536862504.0,6.954,22.0,135.34960346070656,65.4145810663765,64
659,3601,1536679767.0,7.854,22.0,135.34960346070656,65.4145810663765,64
660,3901,1536399405.0,6.996,21.0,135.34960346070656,65.4145810663765,29
661,3601,1536055956.0,7.152,21.0,135.34960346070656,65.4145810663765,29
662,3601,1535918874.0,7.365,22.0,135.34960346070656,65.4145810663765,29
663,3600,1535625562.0,6.302,22.0,135.34960346070656,65.4145810663765,29
664,3601,1535453386.0,6.812,21.0,135.34960346070656,65.4145810663765,29
665,3601,1535224442.0,8.12,21.0,135.34960346070656,65.4145810663765,29
666,3601,1535022366.0,6.788,22.0,135.34960346070656,65.4145810663765,29
667,3600,1534846350.0,6.07,20.0,135.34960346070656,65.4145810663765,29
668,3622,1534534179.0,7.44,21.0,135.34960346070656,65.4145810663765,29
669,1934,1534315277.0,11.583,19.0,331.9,65.4145810663765,29
670,3601,1534094015.0,6.278,22.0,135.34960346070656,65.4145810663765,91
671,3601,1533831967.0,5.678,22.0,135.34960346070656,65.4145810663765,91
672,1801,1533671799.0,7.506,23.0,153.1,65.4145810663765,91
673,3600,1533495884.0,7.016,21.371531966224367,140.5,65.4145810663765,91
674,3601,1533323286.0,7.299,23.0,163.6,65.4145810663765,91
675,3600,1533030611.0,6.699,22.0,141.8,65.4145810663765,91
676,3601,1532804392.0,6.669,22.0,141.5,65.4145810663765,91
677,3600,1532601483.0,6.801,21.0,153.8,65.4145810663765,91
678,3904,1532431321.0,6.017,21.0,125.5,65.4145810663765,91
679,2700,1531220793.0,7.124,21.371531966224367,162.3,65.4145810663765,42
680,4500,1530880476.0,7.603,21.371531966224367,175.4,65.4145810663765,42
681,1528,1530797447.0,6.621,21.371531966224367,164.0,65.4145810663765,42
692,600,1530138229.0,2.254,23.0,36.4,0.0,42
693,6042,1529823289.0,7.966,21.0,111.7,65.4145810663765,42
694,7319,1529733658.0,9.293,21.0,164.3,139.0,42
695,7348,1529560755.0,4.917,21.0,112.9,65.4145810663765,42
696,6344,1529387788.0,7.755,21.0,123.1,107.0,42
697,6992,1529042442.0,9.089,23.0,172.5,150.0,79
698,6483,1528869675.0,5.158,22.0,126.3,72.0,79
699,6728,1528610137.0,9.428,22.0,194.4,222.0,79
700,6568,1528264923.0,5.629,22.0,126.3,67.0,79
701,8563,1528005612.0,7.326,23.0,141.9,122.0,79
702,3601,1527703490.0,6.843,28.0,145.2,51.0,79
703,1879,1527527454.0,5.709,30.0,115.2,10.0,79
704,13330,1527400421.0,6.355,27.0,144.4,186.0,114
705,2700,1527248627.0,8.263,28.0,192.3,89.0,114
706,2700,1527180689.0,8.241,29.0,188.9,62.0,114
707,1801,1527013907.0,8.312,29.0,185.4,56.0,114
709,1200,1526660140.0,9.224,30.0,231.4,57.0,114
710,2700,1526466390.0,8.635,29.0,210.0,85.0,114
711,2701,1526318819.0,7.682,30.0,175.7,71.0,114
712,2700,1526221687.0,7.882,31.0,172.1,51.0,114
713,1896,1526147085.0,6.477,31.0,131.0,19.0,114
714,3600,1525805556.0,6.744,30.0,123.4,13.0,83
715,3601,1525717835.0,7.656,31.0,166.7,79.0,83
716,3601,1525632323.0,6.806,31.0,122.2,21.0,83
717,3600,1525543073.0,8.793,31.0,206.0,97.0,83
718,3600,1525456964.0,7.699,31.0,172.8,101.0,83
719,3600,1525373969.0,6.453,31.0,111.6,13.0,83
720,1109,1525164585.0,7.754,32.0,102.3,7.0,83
721,6630,1525154683.0,8.357,21.0,196.2,230.0,83
722,1664,1524899247.0,6.598,21.0,129.3,10.0,83
723,4060,1524895161.0,8.721,22.0,196.4,107.0,83
724,4257,1524722511.0,5.424,18.0,140.8,58.0,83
725,6335,1524635843.0,6.854,19.0,144.6,53.0,83
726,5234,1524549339.0,7.838,19.0,129.3,29.0,83
727,15250,1524376410.0,8.203,27.0,178.0,401.0,0
728,5042,1524074263.0,8.926,30.0,215.6,171.0,0
729,3601,1523986748.0,7.758,29.0,174.3,82.0,0
730,1860,1523611096.0,7.617,30.0,169.5,19.0,0
731,3601,1523525480.0,7.903,28.0,169.7,29.0,0
732,3601,1523435602.0,7.807,27.0,173.0,47.0,0
733,3601,1523355608.0,7.533,28.0,164.7,52.0,0
734,5088,1523168475.0,9.505,20.0,188.8,53.0,0
735,2400,1523009335.0,8.688,28.0,214.2,37.0,88
736,3601,1522923216.0,8.05,28.0,184.4,40.0,88
737,1500,1522837111.0,7.849,29.0,189.4,36.0,88
738,6768,1522564242.0,9.372,19.0,194.1,149.0,88
739,4500,1522482761.0,7.938,27.0,171.8,78.0,88
740,4801,1522405832.0,8.366,28.0,189.2,88.0,88
741,4501,1522318459.0,8.122,28.0,179.8,33.0,88
742,4501,1522233090.0,9.036,28.0,184.9,87.0,88
743,4500,1522143462.0,8.336,28.0,173.6,94.0,88
744,5401,1522054128.0,8.992,27.0,206.1,153.0,88
745,5252,1521958764.0,9.177,17.0,164.7,55.0,88
746,3901,1521876312.0,8.65,24.0,200.9,77.0,88
747,3600,1521711918.0,8.333,25.0,177.3,62.0,59
748,3601,1521626347.0,8.91,26.0,209.3,122.0,59
749,3600,1521542229.0,8.659,26.0,197.0,88.0,59
750,758,1521368435.0,5.697,28.0,146.8,14.0,59
751,1058,1521362193.0,6.1,27.0,49.2,5.0,59
752,3958,1521358040.0,9.416,19.0,226.7,213.0,59
753,1669,1521353791.0,6.097,20.0,98.4,12.0,59
754,3601,1521196196.0,7.611,25.0,165.8,54.0,59
755,3601,1521022838.0,7.4,27.0,159.5,51.0,59
756,3601,1520936780.0,8.218,27.0,180.7,51.0,59
757,2170,1520767235.0,6.277,35.0,119.7,29.0,59
758,2902,1520762569.0,10.135,30.0,189.4,51.0,59
759,209,1520756505.0,7.637,25.0,15.0,1.0,59
760,2287,1520753111.0,8.663,19.0,238.1,100.0,59
761,2071,1520749977.0,10.951,18.0,197.8,93.0,59
762,524,1520747951.0,4.639,22.0,95.3,3.0,59
763,3301,1520675830.0,7.435,27.0,137.2,75.0,59
764,3601,1520441206.0,7.739,28.0,154.1,92.0,59
767,3601,1519750960.0,9.095,27.0,196.1,99.0,40
768,12218,1519540113.0,7.863,20.0,176.4,232.0,40
769,3601,1519404478.0,8.498,27.0,180.7,116.0,40
770,3601,1519231883.0,8.644,26.0,194.2,97.0,40
771,3601,1519140509.0,8.209,26.0,181.6,97.0,40
772,10801,1518972306.0,7.653,25.0,157.6,95.0,40
774,5295,1518677258.0,9.064,16.0,176.5,120.0,40
775,5362,1518504619.0,8.999,11.0,183.5,103.0,40
776,11955,1518330934.0,9.662,15.0,176.5,227.0,40
777,7451,1518267878.0,7.202,23.0,125.8,30.0,40
778,3000,1517734716.0,7.916,21.0,166.5,78.0,103
779,2265,1517655854.0,6.995,23.0,136.9,46.0,103
780,2701,1517477073.0,8.593,21.0,192.4,84.0,103
781,2701,1517300885.0,8.76,21.0,194.1,73.0,103
782,3001,1517170273.0,9.032,23.0,205.5,119.0,103
783,5090,1517035766.0,9.417,10.0,208.2,152.0,103
784,5400,1516869764.0,7.713,21.0,142.3,90.0,103
785,2700,1516699126.0,8.058,21.0,143.9,42.0,103
786,12005,1516515980.0,9.618,14.0,173.2,310.0,103
787,2701,1516353532.0,8.328,22.0,176.1,79.0,58
788,2747,1516264927.0,7.042,23.0,133.5,25.0,58
789,2700,1516177092.0,8.328,23.0,169.9,66.0,58
790,10800,1515934543.0,7.789,25.0,138.7,153.0,58
791,3000,1515743496.0,8.286,22.0,170.3,48.0,58
792,2701,1515659836.0,7.437,21.0,148.5,56.0,58
793,5401,1515573186.0,6.989,20.0,120.1,26.0,58
794,3600,1515342372.0,7.255,22.0,134.9,15.0,58
795,3600,1515262041.0,7.404,21.0,149.9,120.0,58
796,3000,1515095034.0,7.178,21.0,139.4,56.0,58
797,2701,1515008424.0,6.936,20.0,127.6,42.0,58
798,2701,1514922810.0,6.879,22.0,126.4,32.0,58
799,5876,1514528903.0,8.143,9.0,153.6,89.0,17
800,7136,1514271814.0,6.055,12.0,121.3,57.0,17
801,13862,1513924827.0,7.411,21.0,165.2,318.0,17
802,3177,1513837360.0,5.248,12.0,69.0,12.0,17
803,10883,1513752627.0,7.405,14.0,167.3,294.0,17
804,8291,1513666099.0,7.171,14.0,144.5,164.0,17
805,2364,1513586275.0,8.938,19.0,156.8,64.0,17
806,4112,1513578781.0,6.713,14.0,189.5,132.0,17
807,4956,1513491881.0,8.178,13.0,127.7,77.0,17
809,1801,1512201956.0,7.859,21.0,164.9,37.0,75
810,10829,1512108309.0,7.157,19.0,120.4,69.0,75
811,3601,1511688939.0,8.125,20.0,173.7,99.0,75
812,7201,1511429708.0,8.121,21.0,169.5,123.0,75
813,5401,1511347376.0,8.024,22.0,167.2,79.0,75
814,5401,1511248486.0,7.702,20.0,156.3,109.0,75
815,9821,1511072465.0,9.154,16.0,154.0,173.0,75
816,5302,1510986239.0,9.094,13.0,170.4,84.0,75
817,7241,1510899675.0,6.816,13.0,147.2,114.0,75
818,5406,1510813781.0,8.915,14.0,154.9,130.0,75
819,5101,1510503897.0,8.946,18.0,203.9,113.0,75
820,3600,1510138295.0,8.198,20.0,172.0,65.4145810663765,75
821,3601,1510052937.0,7.904,21.0,170.1,81.0,75
822,3601,1509620014.0,7.883,20.0,166.5,86.0,37
823,3600,1509528525.0,8.903,20.0,191.9,88.0,37
824,3601,1509450875.0,7.941,22.0,174.3,104.0,37
825,3602,1509268532.0,8.845,22.0,194.8,126.0,37
826,3601,1509189058.0,8.47,23.0,177.8,49.0,37
827,3601,1509100139.0,7.723,23.0,155.6,84.0,37
828,3600,1508930160.0,8.608,23.0,184.1,83.0,37
829,3601,1508851101.0,7.753,23.0,161.1,80.0,37
830,7943,1508652797.0,8.69,21.0,160.3,65.4145810663765,37
831,3600,1508606645.0,8.963,23.0,193.0,99.0,37
832,3601,1508501134.0,8.137,23.0,170.4,72.0,37
833,3476,1508076177.0,9.215,23.0,204.2,105.0,37
834,4896,1507875310.0,5.415,21.0,79.2,23.0,84
835,2405,1507664363.0,9.217,23.0,135.34960346070656,71.0,84
836,11526,1507443144.0,9.609,22.0,170.7,145.0,84
837,3600,1507375906.0,8.855,23.0,135.34960346070656,110.0,84
838,3763,1507275464.0,8.375,22.0,135.34960346070656,79.0,84
839,2623,1507112977.0,8.158,22.0,135.34960346070656,41.0,84
840,11967,1506838156.0,9.607,23.0,160.7,227.0,84
841,2700,1506772451.0,8.398,23.0,135.34960346070656,64.0,84
842,6430,1506665648.0,7.671,20.0,166.3,87.0,84
843,2851,1506500118.0,8.616,23.0,135.34960346070656,77.0,84
844,2550,1506416809.0,7.803,23.0,135.34960346070656,44.0,84
845,1049,1506239790.0,5.518,23.0,65.6,4.0,84
846,6344,1506233164.0,11.086,19.0,200.6,259.0,84
847,7200,1505994024.0,7.649,21.0,135.34960346070656,135.0,84
848,5913,1505637963.0,8.974,25.0,149.4,113.0,25
849,2079,1505632079.0,12.414,20.0,242.4,54.0,25
850,387,1505630241.0,4.623,19.0,64.8,1.0,25
851,7201,1505458294.0,7.585,22.0,135.34960346070656,65.4145810663765,25
852,7200,1505285269.0,7.0,23.0,135.34960346070656,65.4145810663765,25
853,4444,1505196169.0,8.82,21.0,170.8,65.4145810663765,25
854,9608,1505023281.0,9.391,21.0,159.3,65.4145810663765,25
855,7201,1504969042.0,8.36,23.0,169.3,65.4145810663765,25
856,7628,1504764624.0,7.66,20.0,164.5,65.4145810663765,25
857,4200,1504630091.0,8.198,23.0,135.34960346070656,65.4145810663765,25
858,18000,1504419031.0,7.619,26.0,135.34960346070656,133.0,25
859,5483,1504176077.0,8.207,21.0,135.34960346070656,53.0,25
860,3600,1504082942.0,8.046,21.0,135.34960346070656,31.0,25
861,4501,1503994873.0,7.751,21.0,135.34960346070656,51.0,25
862,3651,1503468454.0,6.105,18.0,85.8,20.0,74
863,262,1503328148.0,4.352,23.0,57.1,1.0,74
864,3111,1503324788.0,10.861,23.0,288.9,191.0,74
865,701,1503322338.0,4.908,24.0,76.6,6.0,74
866,3714,1503036700.0,6.021,19.0,85.3,12.0,74
867,6632,1502951079.0,9.546,19.0,232.4,131.0,74
868,3170,1502864313.0,6.232,19.0,94.6,11.0,74
869,5288,1502778064.0,9.045,19.0,203.2,88.0,74
870,1436,1502605679.0,6.242,20.0,90.2,4.0,74
871,12431,1502518302.0,6.513,19.0,148.1,111.0,74
872,1128,1502363242.0,6.264,31.0,85.3,6.0,74
873,2050,1502352754.0,9.798,21.0,269.5,127.0,74
874,462,1502351275.0,4.162,21.0,39.9,1.0,74
875,1801,1502347080.0,7.157,20.0,102.3,10.0,74
876,5358,1502172472.0,8.412,20.0,164.6,79.0,74
877,3630,1502086871.0,6.129,19.0,108.6,12.0,74
878,8011,1502000536.0,8.592,21.0,186.7,164.0,74
879,3600,1501833313.0,6.191,22.0,98.7,22.0,74
880,4500,1501754237.0,8.575,22.0,189.6,77.0,9
881,4500,1501664041.0,8.489,22.0,182.0,65.0,9
882,1956,1501579528.0,7.101,21.0,148.0,21.0,9
883,3601,1501486652.0,6.261,21.0,103.3,12.0,9
884,7200,1501423258.0,8.434,22.0,181.4,124.0,9
885,4501,1501319210.0,8.345,22.0,178.6,95.0,9
886,3600,1501231941.0,6.342,22.0,101.0,14.0,9
887,5100,1501154419.0,8.463,22.0,181.3,115.0,9
888,3600,1501061033.0,6.548,23.0,107.1,14.0,9
889,3900,1500972678.0,8.085,22.0,172.0,100.0,9
890,3600,1500884129.0,6.441,22.0,107.0,13.0,9
891,4200,1500798879.0,7.925,22.0,167.2,112.0,9
892,4547,1500716350.0,7.743,22.0,155.0,72.0,9
893,1800,1500631294.0,6.228,22.0,105.6,8.0,9
894,4501,1500548255.0,7.818,22.0,169.8,155.0,9
895,2101,1500374394.0,5.474,22.0,86.0,8.0,9
896,474,1500203720.0,4.711,25.0,66.7,2.0,9
897,14798,1500188690.0,9.055,22.0,155.1,299.0,9
898,1650,1500184027.0,5.52,17.0,71.4,9.0,9
899,1990,1500140488.0,5.165,23.0,76.8,10.0,9
900,4800,1499848367.0,7.469,23.0,154.7,84.0,117
901,7206,1499674665.0,7.866,23.0,162.5,93.0,117
902,14401,1499322775.0,7.9,22.0,163.8,200.0,117
903,900,1498982672.0,4.242,22.0,66.2,2.0,117
904,7454,1498901625.0,6.557,22.0,130.9,50.0,117
905,14781,1498721067.0,7.462,22.0,154.2,202.0,117
906,7200,1498640214.0,6.844,22.0,133.0,62.0,117
907,12601,1498372228.0,8.167,24.0,168.3,181.0,117
908,7074,1498284549.0,7.742,22.0,152.7,73.0,117
909,13825,1498111662.0,8.532,23.0,168.6,205.0,73
910,5847,1498024841.0,7.897,22.0,149.2,58.0,73
911,3798,1497938148.0,5.878,20.0,98.7,11.0,73
912,12535,1497765186.0,9.164,24.0,155.5,210.0,73
913,7478,1497679561.0,7.636,21.0,142.6,71.0,73
914,4200,1497508362.0,7.686,23.0,166.2,60.0,73
915,4200,1497438502.0,7.693,24.0,166.1,42.0,73
916,3600,1497355301.0,6.569,24.0,120.2,23.0,73
917,5401,1497269315.0,8.336,26.0,184.5,102.0,73
918,7801,1497009298.0,7.653,26.0,158.7,79.0,73
919,17292,1496900047.0,7.441,21.0,154.9,173.0,73
920,4200,1496835234.0,7.951,26.0,158.6,48.0,73
921,3806,1496728897.0,5.909,22.0,99.2,12.0,73
922,17355,1496642165.0,8.177,26.0,157.0,223.0,73
923,7706,1496468081.0,7.948,23.0,157.1,91.0,51
924,4147,1496382901.0,5.403,22.0,79.3,11.0,51
925,8506,1496296393.0,6.15,23.0,104.5,46.0,51
926,12947,1496210788.0,8.905,25.0,167.1,160.0,51
927,4979,1496123214.0,6.827,21.0,140.2,40.0,51
928,13438,1496037669.0,8.582,25.0,162.8,99.0,51
929,5661,1495865141.0,5.758,23.0,96.3,20.0,51
930,5397,1495778874.0,8.558,22.0,174.2,90.0,51
931,4502,1495607287.0,9.035,26.0,202.4,126.0,51
932,4561,1495436006.0,8.606,25.0,189.8,88.0,51
933,4504,1495349151.0,8.218,25.0,177.6,100.0,51
934,2130,1495174654.0,8.71,26.0,206.8,64.0,51
935,2700,1495088088.0,6.016,25.0,101.4,8.0,51
936,4500,1495002542.0,8.177,25.0,169.0,49.0,51
937,4501,1494917025.0,8.909,25.0,196.9,105.0,51
938,4547,1494833011.0,8.776,26.0,191.9,89.0,51
939,2041,1494772274.0,7.33,27.0,135.6,9.0,19
940,7200,1494658234.0,8.403,27.0,169.9,92.0,19
941,3601,1494572558.0,8.87,27.0,193.9,88.0,19
942,3900,1494486078.0,8.47,27.0,178.6,64.0,19
943,3600,1494400474.0,8.602,27.0,179.0,87.0,19
944,2550,1494226854.0,7.947,27.0,168.6,37.0,19
945,2100,1494169019.0,7.563,29.0,144.9,14.0,19
946,2876,1494054841.0,6.063,27.0,106.9,26.0,19
947,1830,1493969857.0,6.321,27.0,107.9,16.0,19
948,1529,1493539618.0,7.151,25.0,148.7,14.0,19
949,2225,1493535615.0,9.723,19.0,237.9,82.0,19
950,2626,1493531947.0,7.734,17.0,125.4,19.0,19
951,3601,1493446838.0,6.529,26.0,103.5,23.0,19
952,3600,1493359817.0,6.592,26.0,119.6,31.0,19
953,4202,1493274969.0,7.096,24.0,135.1,59.0,19
954,3018,1493185974.0,6.073,18.0,106.8,18.0,19
955,3433,1493099323.0,5.325,18.0,78.4,9.0,86
956,11999,1492926695.0,9.606,21.0,170.7,189.0,86
957,9876,1492840496.0,8.893,21.0,164.7,159.0,86
958,5900,1492753783.0,5.802,19.0,82.7,16.0,86
959,7144,1492667694.0,8.395,21.0,156.0,97.0,86
960,7327,1492581369.0,8.67,22.0,155.4,112.0,86
961,7704,1492494999.0,8.826,24.0,155.1,88.0,86
962,12193,1492322114.0,9.439,25.0,163.1,195.0,86
963,12464,1492235579.0,6.796,23.0,152.1,177.0,86
964,3567,1492149665.0,5.122,20.0,75.8,13.0,86
965,7142,1492062668.0,8.361,19.0,151.9,120.0,86
966,6643,1491976140.0,6.33,19.0,84.9,24.0,86
967,6985,1491890093.0,8.386,19.0,143.0,88.0,86
968,12203,1491717259.0,9.425,22.0,150.8,90.0,86
969,11237,1491631734.0,7.439,20.0,173.2,216.0,118
970,3342,1491544882.0,5.454,18.0,79.3,16.0,118
971,6028,1491458936.0,8.182,20.0,161.9,103.0,118
972,7457,1491373293.0,9.115,19.0,160.0,93.0,118
973,7487,1491286198.0,8.757,20.0,153.9,82.0,118
974,11829,1491113378.0,9.738,23.0,152.1,175.0,118
975,12116,1491026794.0,6.898,24.0,151.6,190.0,118
976,4244,1490854375.0,8.423,21.0,149.3,46.0,118
977,967,1490696298.0,4.647,34.0,89.1,6.0,118
978,876,1490691990.0,6.562,32.0,51.4,5.0,118
979,222,1490691314.0,4.035,31.0,30.9,1.0,118
980,3803,1490687365.0,9.795,25.0,225.6,239.0,118
981,3144,1490680313.0,5.201,22.0,50.7,15.0,118
982,6001,1490509025.0,8.258,22.0,124.7,97.0,118
983,3314,1490423448.0,5.539,20.0,82.5,26.0,118
984,3356,1490250340.0,5.501,18.0,78.1,17.0,32
985,517,1489919802.0,5.538,35.0,67.8,3.0,32
986,852,1489915067.0,4.596,29.0,42.6,3.0,32
987,2858,1489911460.0,11.781,23.0,242.1,173.0,32
988,2170,1489908092.0,6.158,21.0,82.5,23.0,32
989,3548,1489855415.0,5.833,30.0,66.3,12.0,32
990,3022,1489645388.0,5.976,16.0,105.6,11.0,32
991,7113,1489558855.0,8.936,16.0,154.2,112.0,32
992,2975,1489472460.0,6.155,13.0,106.2,18.0,32
993,251,1489313866.0,4.334,28.0,109.6,1.0,32
994,11365,1489300349.0,9.886,13.0,160.9,218.0,32
995,368,1489299517.0,3.712,16.0,82.2,1.0,32
996,3600,1489149139.0,7.87,23.0,166.0,70.0,32
997,3602,1489061986.0,8.394,24.0,185.6,106.0,32
998,3601,1488976491.0,7.764,24.0,164.7,87.0,68
999,3602,1488890404.0,7.267,24.0,150.9,73.0,68
1000,12697,1488695225.0,9.096,17.0,152.1,170.0,68
1001,11000,1488609881.0,9.265,18.0,161.4,192.0,68
1002,3618,1488522852.0,5.021,16.0,66.4,14.0,68
1003,7204,1488436394.0,8.774,16.0,156.9,64.0,68
1004,7412,1488349554.0,9.12,16.0,153.7,54.0,68
1005,1095,1488298525.0,0.0,25.0,84.4,3.0,68
1006,6450,1488263466.0,8.915,14.0,154.2,108.0,68
1007,1619,1488099707.0,6.345,25.0,110.8,15.0,68
1008,2420,1488092787.0,11.197,12.0,232.1,111.0,68
1009,1491,1488090170.0,7.339,15.0,111.4,19.0,68
1010,7483,1488004062.0,8.442,16.0,149.8,49.0,68
1011,2854,1487917935.0,6.34,15.0,117.2,16.0,68
1012,7163,1487831511.0,6.888,15.0,146.7,56.0,111
1013,2608,1487745136.0,6.779,13.0,124.0,25.0,111
1014,2828,1487485581.0,6.406,14.0,122.3,15.0,111
1015,15052,1487400226.0,6.81,20.0,149.6,258.0,111
1016,7309,1487226862.0,5.442,14.0,141.6,109.0,111
1017,6126,1487140594.0,6.52,15.0,141.7,91.0,111
1018,12169,1486881283.0,9.486,14.0,155.1,183.0,111
1019,10810,1486794797.0,6.986,15.0,149.0,155.0,111
1020,6993,1486622251.0,5.397,14.0,138.0,96.0,111
1021,5935,1486535475.0,6.717,14.0,144.6,88.0,111
1022,12478,1486276698.0,9.229,17.0,145.1,214.0,111
1023,13067,1486190010.0,6.414,16.0,133.9,159.0,3
1024,2728,1486103371.0,6.658,14.0,116.6,11.0,3
1025,2671,1486016941.0,6.764,14.0,117.4,15.0,3
1026,6566,1485671484.0,7.758,13.0,147.2,109.0,3
1027,7732,1485498923.0,6.388,13.0,132.0,61.0,3
1028,7121,1485412837.0,5.229,13.0,133.1,93.0,3
1029,3372,1485239209.0,6.144,13.0,107.2,23.0,3
1031,9450,1485066842.0,9.551,15.0,149.5,159.0,3
1032,13472,1484981200.0,6.396,15.0,138.1,101.0,3
1033,6540,1484807848.0,6.32,11.0,136.6,70.0,3
1035,3392,1484548316.0,5.391,14.0,77.5,10.0,3
1036,9711,1484461897.0,9.298,14.0,152.0,179.0,3
1037,10780,1484376044.0,6.447,12.0,135.4,72.0,3
1038,6313,1484202817.0,6.68,9.0,118.5,62.0,3
1040,3043,1483944031.0,6.005,9.0,96.9,14.0,81
1041,10725,1483856640.0,8.451,10.0,153.1,182.0,81
1042,7940,1483770151.0,6.222,7.0,117.9,62.0,81
1043,7068,1483598405.0,5.073,9.0,129.4,86.0,81
1045,14115,1483165323.0,5.942,16.0,115.8,121.0,81
1046,3511,1483079986.0,5.202,9.0,74.5,10.0,81
1048,4462,1482819020.0,4.054,10.0,38.6,9.0,81
1049,1573,1482656692.0,5.899,18.0,96.0,9.0,81
1050,2396,1482649246.0,11.324,10.0,224.4,143.0,81
1051,1898,1482646655.0,5.805,11.0,62.1,8.0,81
1052,7692,1482561068.0,8.263,10.0,135.8,74.0,81
1053,9827,1482388092.0,6.358,11.0,126.9,93.0,81
1054,7222,1482302046.0,4.952,10.0,125.4,78.0,81
1055,3014,1482215446.0,6.028,11.0,99.7,11.0,81
1056,16985,1482042003.0,6.251,18.0,138.3,325.0,81
1057,8336,1481868852.0,6.852,18.0,112.7,101.0,21
1058,7478,1481696763.0,5.15,16.0,129.1,113.0,21
1059,9850,1481437037.0,9.12,12.0,147.3,212.0,21
1060,7957,1481351064.0,6.352,11.0,136.6,116.0,21
1061,3256,1481177582.0,6.362,10.0,114.3,36.0,21
1062,7716,1481004907.0,5.173,14.0,130.9,118.0,21
1063,5580,1480833956.0,7.552,18.0,131.7,68.0,21
1064,1660,1480832278.0,7.561,18.0,109.3,13.0,21
1065,7919,1480659638.0,8.214,14.0,143.6,98.0,21
1066,5891,1480486883.0,7.777,11.0,128.9,87.0,21
1067,11065,1480227158.0,7.814,19.0,137.7,274.0,21
1068,3783,1480140534.0,5.874,12.0,102.5,44.0,21
1069,12323,1479623223.0,8.92,15.0,157.6,296.0,85
1070,4993,1479536910.0,8.344,12.0,151.9,117.0,85
1071,5482,1479191211.0,7.268,15.0,111.1,72.0,85
1072,10529,1479019303.0,8.577,16.0,135.7,161.0,85
1073,6045,1478932069.0,7.809,11.0,159.5,116.0,85
1074,3595,1478845320.0,5.576,13.0,71.5,18.0,85
1075,6691,1478585214.0,7.13,13.0,117.3,73.0,85
1076,7591,1478413163.0,8.24,13.0,148.4,130.0,85
1077,3367,1478153165.0,5.491,21.371531966224367,96.1,65.4145810663765,85
1078,7412,1478066601.0,8.605,21.371531966224367,194.8,65.4145810663765,85
1079,8179,1477548228.0,6.125,21.371531966224367,150.5,65.4145810663765,54
1080,12759,1477462103.0,6.19,21.371531966224367,167.2,65.4145810663765,54
1081,4578,1477375640.0,6.79,21.371531966224367,172.5,65.4145810663765,54
1082,1478,1477214632.0,10.871,21.371531966224367,259.1,65.4145810663765,54
1083,1805,1477205312.0,5.345,21.371531966224367,69.8,65.4145810663765,54
1084,4509,1477051009.0,7.898,21.371531966224367,173.6,65.4145810663765,54
1085,4121,1476876513.0,8.867,21.371531966224367,210.0,65.4145810663765,54
1086,2942,1476770147.0,6.455,21.371531966224367,116.7,65.4145810663765,54
1087,3024,1476597301.0,6.089,21.371531966224367,118.3,65.4145810663765,54
1088,8500,1476510763.0,5.917,21.371531966224367,149.1,65.4145810663765,54
1090,3861,1476337707.0,5.499,21.371531966224367,95.6,65.4145810663765,54
1091,3356,1476252049.0,5.536,21.371531966224367,94.8,65.4145810663765,54
1092,6922,1473577529.0,8.955,21.371531966224367,195.5,65.4145810663765,31
1093,7160,1473488678.0,8.545,21.371531966224367,192.4,65.4145810663765,31
1094,7313,1473315636.0,8.722,21.371531966224367,200.8,65.4145810663765,31
1095,3477,1473054737.0,6.537,21.371531966224367,126.1,65.4145810663765,31
1096,6114,1472968920.0,8.475,21.371531966224367,184.1,65.4145810663765,31
1097,3878,1472796390.0,6.285,21.371531966224367,119.2,65.4145810663765,31
1098,9505,1472363286.0,7.987,21.371531966224367,179.7,65.4145810663765,31
1099,8719,1472191931.0,8.215,21.371531966224367,176.1,65.4145810663765,31
1100,17502,1471760283.0,7.161,21.371531966224367,126.7,65.4145810663765,93
1102,9049,1471328772.0,6.666,21.371531966224367,122.3,65.4145810663765,93
1103,13974,1471070045.0,6.517,21.371531966224367,114.1,65.4145810663765,93
1104,7588,1470984764.0,7.243,21.371531966224367,133.7,65.4145810663765,93
1105,8038,1470638253.0,6.284,21.371531966224367,109.9,65.4145810663765,93
1106,14754,1470463927.0,5.238,21.371531966224367,85.2,65.4145810663765,93
1107,18466,1469515195.0,6.283,21.371531966224367,104.2,65.4145810663765,67
1108,17811,1469341889.0,6.483,21.371531966224367,106.4,65.4145810663765,67
1109,17953,1469168164.0,5.869,21.371531966224367,96.7,65.4145810663765,67
1110,18390,1468736194.0,5.81,21.371531966224367,92.5,65.4145810663765,67
1111,14127,1468216835.0,5.87,21.371531966224367,103.4,65.4145810663765,67
1112,4732,1468045431.0,5.953,21.371531966224367,117.1,65.4145810663765,67
1113,4266,1467784625.0,6.237,21.371531966224367,117.1,65.4145810663765,97
1114,3664,1467526807.0,7.338,21.371531966224367,169.2,65.4145810663765,97
1115,10555,1467352341.0,7.057,21.371531966224367,195.8,65.4145810663765,97
1116,7752,1467179357.0,8.503,21.371531966224367,203.4,65.4145810663765,97
1117,14107,1467007824.0,6.045,21.371531966224367,152.7,65.4145810663765,97
1118,12105,1466922117.0,4.706,21.371531966224367,215.8,65.4145810663765,97
1119,6669,1466747273.0,6.604,21.371531966224367,115.7,65.4145810663765,97
1120,8725,1466574355.0,7.538,21.371531966224367,162.3,65.4145810663765,97
1121,10245,1466402412.0,6.983,21.371531966224367,182.5,65.4145810663765,97
1122,11490,1466316320.0,4.648,21.371531966224367,204.5,65.4145810663765,97
1123,9267,1466142478.0,6.304,21.371531966224367,125.4,65.4145810663765,10
1124,7884,1465969681.0,8.223,21.371531966224367,186.0,65.4145810663765,10
1125,9046,1465883358.0,7.131,21.371531966224367,178.7,65.4145810663765,10
1126,16893,1465710538.0,7.413,21.371531966224367,149.5,65.4145810663765,10
1127,9047,1465364993.0,6.198,21.371531966224367,138.4,65.4145810663765,10
1128,18415,1465105861.0,5.732,21.371531966224367,175.6,65.4145810663765,10
1129,8475,1464760008.0,7.607,21.371531966224367,187.1,65.4145810663765,10
1130,10769,1464501014.0,5.605,21.371531966224367,143.9,65.4145810663765,62
1131,20548,1464327222.0,5.614,21.371531966224367,179.0,65.4145810663765,62
1132,13161,1464240917.0,6.202,21.371531966224367,173.0,65.4145810663765,62
1133,10188,1464155875.0,6.149,21.371531966224367,168.8,65.4145810663765,62
1134,8974,1463895214.0,9.796,21.371531966224367,195.8,65.4145810663765,62
1135,2180,1463849667.0,6.546,21.371531966224367,109.0,65.4145810663765,62
1136,6803,1463638111.0,5.138,21.371531966224367,148.9,65.4145810663765,62
1137,5390,1463464186.0,6.725,21.371531966224367,152.0,65.4145810663765,62
1138,18987,1463291185.0,5.817,21.371531966224367,181.9,65.4145810663765,62
1139,11032,1463205329.0,6.361,21.371531966224367,170.5,65.4145810663765,62
1140,8440,1463118991.0,4.662,21.371531966224367,120.4,65.4145810663765,62
1141,7423,1462945467.0,6.421,21.371531966224367,138.0,65.4145810663765,62
1142,15496,1462859935.0,5.071,21.371531966224367,161.7,65.4145810663765,62
1143,10565,1462686365.0,6.807,21.371531966224367,146.6,65.4145810663765,62
1144,9130,1462600075.0,5.732,21.371531966224367,141.9,65.4145810663765,62
1145,6518,1462513649.0,5.268,21.371531966224367,81.5,65.4145810663765,62
1146,2538,1459231011.0,7.328,21.371531966224367,139.7,65.4145810663765,36
1147,2599,1459143855.0,7.147,21.371531966224367,132.7,65.4145810663765,36
1148,2562,1458971720.0,7.208,21.371531966224367,143.2,65.4145810663765,36
1149,2796,1458884846.0,6.6,21.371531966224367,125.0,65.4145810663765,36
1150,2637,1458712244.0,6.995,21.371531966224367,137.6,65.4145810663765,36
1151,2772,1458539150.0,6.694,21.371531966224367,130.7,65.4145810663765,36
1152,2553,1458281005.0,7.187,21.371531966224367,140.1,65.4145810663765,36
1153,2605,1458194445.0,7.037,21.371531966224367,141.1,65.4145810663765,36
1154,5744,1457973958.0,3.699,21.371531966224367,134.9,65.4145810663765,36
1155,1276,1452249980.0,10.304,21.371531966224367,239.6,27.0,109
1156,2161,1452243784.0,4.235,21.371531966224367,45.9,9.0,109
1157,1819,1452236239.0,6.675,21.371531966224367,96.6,20.0,109
1158,1193,1452165798.0,10.904,21.371531966224367,262.6,80.0,109
1159,1872,1452149595.0,7.384,21.371531966224367,107.2,13.0,109
1160,1239,1452147858.0,5.639,21.371531966224367,73.8,7.0,109
1161,14741,1451802135.0,5.583,21.371531966224367,147.8,65.4145810663765,109
1162,9839,1451715754.0,6.536,21.371531966224367,132.3,65.4145810663765,109
1163,3911,1451633823.0,7.088,21.371531966224367,128.3,65.4145810663765,109
1164,7000,1451456364.0,6.955,21.371531966224367,141.1,65.4145810663765,109
1165,4109,1451372380.0,8.708,21.371531966224367,195.2,65.4145810663765,109
1166,6983,1451110891.0,6.81,21.371531966224367,131.4,65.4145810663765,26
1167,3021,1450850735.0,6.106,21.371531966224367,114.0,65.4145810663765,26
1168,8365,1450765292.0,7.212,21.371531966224367,169.0,65.4145810663765,26
1169,20168,1450592449.0,7.219,21.371531966224367,146.4,65.4145810663765,26
1170,900,1450446485.0,10.7,21.371531966224367,279.6,65.4145810663765,26
1171,2218,1450430368.0,6.069,21.371531966224367,97.7,65.4145810663765,26
1172,6628,1450246403.0,7.202,21.371531966224367,161.1,65.4145810663765,26
1173,4602,1450160941.0,7.783,21.371531966224367,159.6,65.4145810663765,26
1174,19528,1449987755.0,7.217,21.371531966224367,146.7,65.4145810663765,26
1175,9553,1449901329.0,7.081,21.371531966224367,149.5,65.4145810663765,26
1176,10940,1449730887.0,8.291,21.371531966224367,171.0,65.4145810663765,26
1177,4910,1449554946.0,7.203,21.371531966224367,128.8,65.4145810663765,26
1178,18316,1449382177.0,7.106,21.371531966224367,131.5,65.4145810663765,76
1179,12964,1449295318.0,6.613,21.371531966224367,135.1,65.4145810663765,76
1180,11122,1449123247.0,8.182,21.371531966224367,169.8,65.4145810663765,76
1181,2244,1449036528.0,7.731,21.371531966224367,182.1,65.4145810663765,76
1182,4465,1448951309.0,8.045,21.371531966224367,175.3,65.4145810663765,76
1183,3883,1448780394.0,7.421,21.371531966224367,290.6,65.4145810663765,76
1184,5241,1448690568.0,5.367,21.371531966224367,136.2,65.4145810663765,76
1185,7342,1448431606.0,6.693,21.371531966224367,133.7,65.4145810663765,76
1186,7235,1448171520.0,5.767,21.371531966224367,123.9,65.4145810663765,76
1187,11572,1447999228.0,4.337,21.371531966224367,163.8,65.4145810663765,76
1188,8884,1447826813.0,4.894,21.371531966224367,153.6,65.4145810663765,76
1189,9568,1447740547.0,4.957,21.371531966224367,156.9,65.4145810663765,76
1190,14069,1447567651.0,4.663,21.371531966224367,147.9,65.4145810663765,76
1191,3883,1447481439.0,4.744,21.371531966224367,72.4,65.4145810663765,76
1192,7416,1446789050.0,5.081,21.371531966224367,153.9,65.4145810663765,5
1193,10312,1446702037.0,5.015,21.371531966224367,149.2,65.4145810663765,5
1194,6698,1446529410.0,5.08,21.371531966224367,142.2,65.4145810663765,5
1195,15892,1446356830.0,6.542,21.371531966224367,201.1,65.4145810663765,5
1196,9539,1446011153.0,6.256,21.371531966224367,145.0,65.4145810663765,5
1197,7686,1445925252.0,8.528,21.371531966224367,188.3,65.4145810663765,5
1198,915,1445760867.0,9.467,21.371531966224367,260.4,65.4145810663765,5
1199,558,1445758497.0,4.918,21.371531966224367,92.5,65.4145810663765,5
1200,5381,1445665652.0,7.713,21.371531966224367,159.0,65.4145810663765,5
1201,251,1445602275.0,8.394,21.371531966224367,190.7,65.4145810663765,5
1202,8654,1445406375.0,6.11,21.371531966224367,141.8,65.4145810663765,5
1203,11489,1445159156.0,6.75,21.371531966224367,201.8,65.4145810663765,66
1204,7939,1445148014.0,7.939,21.371531966224367,166.4,65.4145810663765,66
1205,3181,1444974560.0,5.798,21.371531966224367,99.8,65.4145810663765,66
1206,11817,1444888944.0,8.32,21.371531966224367,180.9,65.4145810663765,66
1207,7742,1444801625.0,7.199,21.371531966224367,157.6,65.4145810663765,66
1208,11498,1444715634.0,8.358,21.371531966224367,179.6,65.4145810663765,66
1209,2926,1444632377.0,6.315,21.371531966224367,115.0,65.4145810663765,66
1210,10242,1444460898.0,4.58,21.371531966224367,134.3,65.4145810663765,66
1211,4095,1444456082.0,3.749,21.371531966224367,143.1,65.4145810663765,66
1212,7786,1444283710.0,8.617,21.371531966224367,195.1,65.4145810663765,66
1213,7765,1444110978.0,8.239,21.371531966224367,177.9,65.4145810663765,66
1214,2874,1444028185.0,6.414,21.371531966224367,116.5,65.4145810663765,66
1215,18373,1443851401.0,5.807,21.371531966224367,178.3,65.4145810663765,66
1216,2842,1443768420.0,6.483,21.371531966224367,119.5,65.4145810663765,66
1217,11989,1443678937.0,8.043,21.371531966224367,169.8,65.4145810663765,66
1218,2901,1443595982.0,6.397,21.371531966224367,115.1,65.4145810663765,66
1219,6679,1443505595.0,7.635,21.371531966224367,173.0,65.4145810663765,66
1220,529,1443334610.0,6.755,21.371531966224367,161.2,65.4145810663765,66
1221,1263,1442728042.0,5.867,21.371531966224367,181.0,65.4145810663765,48
1222,7682,1442555470.0,7.28,21.371531966224367,137.9,65.4145810663765,48
1223,8133,1442382393.0,6.537,21.371531966224367,122.1,65.4145810663765,48
1224,2697,1442303679.0,6.876,21.371531966224367,130.9,65.4145810663765,48
1225,11659,1442129315.0,6.336,21.371531966224367,146.3,65.4145810663765,48
1226,2691,1442044252.0,6.855,21.371531966224367,132.0,65.4145810663765,48
1227,8642,1441951830.0,7.403,21.371531966224367,175.2,65.4145810663765,48
1228,6255,1441779861.0,5.84,21.371531966224367,116.8,65.4145810663765,48
1229,2016,1441606468.0,4.788,21.371531966224367,92.2,65.4145810663765,48
1230,5273,1441518417.0,6.318,21.371531966224367,121.4,65.4145810663765,48
1231,1431,1441260537.0,3.42,21.371531966224367,76.7,65.4145810663765,48
1232,7726,1440829449.0,8.515,21.371531966224367,191.3,65.4145810663765,48
1233,2679,1440397120.0,6.891,21.371531966224367,135.9,65.4145810663765,22
1234,2045,1439793345.0,1.917,21.371531966224367,47.2,65.4145810663765,22
1235,3063,1439532326.0,6.058,21.371531966224367,110.8,65.4145810663765,22
1236,6629,1439447034.0,3.202,21.371531966224367,99.4,65.4145810663765,22
1237,2666,1439360414.0,6.92,21.371531966224367,135.5,65.4145810663765,22
1238,2898,1439273086.0,6.378,21.371531966224367,122.8,65.4145810663765,22
1240,2778,1438150018.0,6.654,21.371531966224367,123.2,65.4145810663765,82
1241,14510,1437889763.0,4.342,21.371531966224367,125.4,65.4145810663765,82
1242,15824,1437284052.0,7.919,21.371531966224367,194.4,65.4145810663765,82
1243,5181,1437223282.0,6.005,21.371531966224367,146.1,65.4145810663765,82
1244,2988,1436852963.0,6.18,21.371531966224367,126.4,65.4145810663765,82
1245,9994,1436680067.0,9.14,21.371531966224367,227.0,65.4145810663765,116
1246,5796,1436596641.0,7.292,21.371531966224367,194.4,65.4145810663765,116
1247,7805,1436335435.0,8.748,21.371531966224367,199.1,65.4145810663765,116
1248,6712,1436248291.0,6.892,21.371531966224367,184.0,65.4145810663765,116
1249,9524,1436075701.0,9.371,21.371531966224367,221.6,65.4145810663765,116
1250,7637,1435989005.0,6.849,21.371531966224367,169.8,65.4145810663765,116
1251,7739,1435643323.0,6.142,21.371531966224367,160.3,65.4145810663765,116
1252,16872,1435470614.0,6.299,21.371531966224367,196.5,65.4145810663765,116
1253,10622,1434864312.0,8.441,21.371531966224367,177.9,65.4145810663765,57
1254,5177,1434815821.0,5.904,21.371531966224367,115.2,65.4145810663765,57
1255,9494,1434520055.0,7.806,21.371531966224367,185.3,65.4145810663765,57
1257,10290,1433915222.0,6.269,21.371531966224367,180.1,65.4145810663765,57
1258,7639,1433829689.0,8.933,21.371531966224367,208.6,65.4145810663765,57
1259,23612,1433656077.0,6.354,21.371531966224367,163.6,65.4145810663765,57
1260,12564,1433569636.0,7.219,21.371531966224367,164.4,65.4145810663765,57
1261,9720,1433310355.0,6.118,21.371531966224367,179.3,65.4145810663765,57
1262,7311,1433224419.0,8.462,21.371531966224367,174.0,65.4145810663765,57
1263,8603,1432791340.0,8.09,21.371531966224367,172.0,65.4145810663765,106
1264,10671,1432705472.0,5.009,21.371531966224367,124.8,65.4145810663765,106
1265,17675,1432445374.0,7.509,21.371531966224367,158.4,65.4145810663765,106
1266,3556,1432359854.0,5.206,21.371531966224367,88.3,65.4145810663765,106
1267,8281,1432100512.0,5.825,21.371531966224367,128.6,65.4145810663765,106
1268,18187,1431841432.0,4.556,21.371531966224367,170.2,65.4145810663765,106
1269,17468,1431755269.0,5.247,21.371531966224367,206.7,65.4145810663765,106
1270,8590,1431582232.0,8.278,21.371531966224367,178.2,65.4145810663765,106
1271,10005,1431495755.0,7.551,21.371531966224367,166.4,65.4145810663765,106
1272,4591,1431235960.0,3.645,21.371531966224367,115.6,65.4145810663765,11
1273,14710,1431150429.0,7.749,21.371531966224367,184.8,65.4145810663765,11
1274,8110,1430976343.0,8.087,21.371531966224367,176.3,65.4145810663765,11
1275,6799,1430891148.0,6.621,21.371531966224367,154.5,65.4145810663765,11
1276,6754,1430632343.0,3.625,21.371531966224367,111.3,65.4145810663765,11
1277,8184,1430545896.0,4.562,21.371531966224367,142.0,65.4145810663765,11
1278,8317,1430373974.0,7.35,21.371531966224367,150.4,65.4145810663765,11
1279,9707,1430286691.0,6.571,21.371531966224367,167.6,65.4145810663765,11
1280,19300,1430027598.0,8.387,21.371531966224367,196.0,65.4145810663765,11
1281,8986,1429941100.0,6.956,21.371531966224367,173.5,65.4145810663765,11
1282,8027,1429682794.0,8.583,21.371531966224367,197.4,65.4145810663765,11
1283,11650,1429421894.0,9.302,21.371531966224367,225.3,65.4145810663765,90
1284,3209,1429164791.0,5.735,21.371531966224367,98.5,65.4145810663765,90
1285,9252,1429077709.0,7.142,21.371531966224367,202.5,65.4145810663765,90
1286,10657,1428905419.0,8.556,21.371531966224367,188.7,65.4145810663765,90
1287,11467,1428645987.0,7.937,21.371531966224367,164.7,65.4145810663765,90
1288,7864,1428559242.0,8.332,21.371531966224367,180.4,65.4145810663765,90
1289,7735,1428472961.0,7.309,21.371531966224367,184.3,65.4145810663765,90
1290,17304,1428213785.0,6.229,21.371531966224367,194.0,65.4145810663765,90
1291,8394,1428127084.0,6.704,21.371531966224367,172.2,65.4145810663765,90
1292,4934,1428041158.0,3.745,21.371531966224367,77.7,65.4145810663765,90
1293,7765,1427956517.0,8.231,21.371531966224367,175.3,65.4145810663765,90
1294,4200,1427005566.0,8.15,21.371531966224367,170.4,65.4145810663765,61
1295,7602,1426746215.0,8.689,21.371531966224367,208.3,65.4145810663765,61
1296,4234,1426659789.0,5.791,21.371531966224367,112.9,65.4145810663765,61
1297,12260,1426400938.0,7.543,21.371531966224367,163.1,65.4145810663765,61
1298,8206,1426141729.0,6.963,21.371531966224367,171.7,65.4145810663765,61
1299,7977,1426055803.0,8.247,21.371531966224367,178.3,65.4145810663765,61
1300,4967,1425970071.0,7.047,21.371531966224367,155.7,65.4145810663765,61
1301,11489,1425796493.0,7.93,21.371531966224367,169.1,65.4145810663765,61
1302,7439,1425537178.0,7.96,21.371531966224367,180.3,65.4145810663765,61
1303,8034,1425451593.0,8.198,21.371531966224367,177.5,65.4145810663765,61
1304,7073,1425184143.0,8.03,21.371531966224367,177.1,65.4145810663765,94
1305,6748,1424846123.0,7.446,21.371531966224367,158.7,65.4145810663765,94
1306,7791,1424759651.0,8.777,21.371531966224367,199.5,65.4145810663765,94
1307,12396,1424586660.0,9.058,21.371531966224367,207.6,65.4145810663765,94
1308,7720,1424501517.0,7.959,21.371531966224367,168.0,65.4145810663765,94
1309,8679,1424327671.0,8.076,21.371531966224367,186.2,65.4145810663765,94
1310,9640,1424156152.0,8.04,21.371531966224367,168.5,65.4145810663765,94
1311,10822,1423982034.0,8.537,21.371531966224367,203.4,65.4145810663765,94
1312,4468,1423725055.0,4.062,21.371531966224367,63.8,65.4145810663765,24
1313,7210,1423636536.0,7.759,21.371531966224367,175.0,65.4145810663765,24
1314,5159,1423377090.0,6.868,21.371531966224367,144.6,65.4145810663765,24
1315,7741,1423292481.0,8.324,21.371531966224367,180.2,65.4145810663765,24
1316,7106,1423117958.0,8.592,21.371531966224367,201.0,65.4145810663765,24
1317,7726,1422947443.0,9.006,21.371531966224367,209.5,65.4145810663765,24
1318,12137,1422772714.0,5.642,21.371531966224367,154.0,65.4145810663765,24
1319,3981,1422515398.0,9.539,21.371531966224367,210.3,65.4145810663765,24
1320,7931,1422428289.0,7.742,21.371531966224367,155.6,65.4145810663765,24
1321,5762,1422169886.0,6.761,21.371531966224367,136.4,65.4145810663765,100
1322,6420,1421909119.0,6.278,21.371531966224367,120.0,65.4145810663765,100
1323,7302,1421563668.0,6.206,21.371531966224367,133.9,65.4145810663765,100
1324,7636,1421132958.0,7.916,21.371531966224367,166.5,65.4145810663765,100
1325,8732,1420959752.0,6.34,21.371531966224367,126.8,65.4145810663765,100
1326,13144,1419748539.0,6.303,21.371531966224367,172.9,65.4145810663765,38
1327,4628,1419661785.0,5.691,21.371531966224367,118.6,65.4145810663765,38
1328,6886,1419402702.0,4.71,21.371531966224367,109.4,65.4145810663765,38
1329,8735,1419154441.0,5.769,21.371531966224367,171.1,65.4145810663765,38
1330,960,1419152863.0,7.849,21.371531966224367,180.1,65.4145810663765,38
1331,8039,1419143120.0,5.607,21.371531966224367,178.6,65.4145810663765,38
1332,12000,1418881751.0,6.399,21.371531966224367,148.4,65.4145810663765,38
1333,7797,1418799044.0,8.197,21.371531966224367,174.0,65.4145810663765,38
1334,7962,1418712918.0,8.578,21.371531966224367,191.2,65.4145810663765,38
1335,6595,1418551444.0,5.863,21.371531966224367,191.1,65.4145810663765,38
1336,8064,1418538747.0,5.868,21.371531966224367,171.6,65.4145810663765,38
1337,11622,1418277785.0,6.078,21.371531966224367,150.7,65.4145810663765,38
1338,7775,1418193865.0,8.449,21.371531966224367,186.2,65.4145810663765,38
1339,11498,1418107935.0,8.188,21.371531966224367,173.0,65.4145810663765,38
1340,14678,1417933397.0,5.697,21.371531966224367,156.1,65.4145810663765,38
1341,7965,1417847255.0,8.428,21.371531966224367,184.6,65.4145810663765,38
1342,5607,1417674527.0,5.039,21.371531966224367,134.4,65.4145810663765,92
1343,7609,1417588877.0,8.395,21.371531966224367,183.0,65.4145810663765,92
1344,9817,1417416022.0,8.048,21.371531966224367,164.1,65.4145810663765,92
1345,8305,1417067331.0,6.127,21.371531966224367,145.5,65.4145810663765,92
1346,7542,1416984505.0,8.53,21.371531966224367,189.4,65.4145810663765,92
1347,13318,1416724109.0,7.501,21.371531966224367,158.7,65.4145810663765,92
1348,6472,1416465014.0,6.453,21.371531966224367,131.4,65.4145810663765,92
1349,11724,1416290012.0,6.211,21.371531966224367,149.8,65.4145810663765,92
1350,193,1416212223.0,5.563,21.371531966224367,148.9,65.4145810663765,92
1351,130,1416211843.0,6.407,21.371531966224367,190.0,65.4145810663765,92
1352,158,1416209761.0,5.387,21.371531966224367,161.9,65.4145810663765,92
1353,19378,1416119516.0,5.378,21.371531966224367,164.4,65.4145810663765,92
1354,7252,1415859630.0,5.952,21.371531966224367,121.0,65.4145810663765,92
1355,11012,1415684943.0,6.243,21.371531966224367,152.1,65.4145810663765,2
1356,13637,1415513154.0,7.459,21.371531966224367,159.0,65.4145810663765,2
1357,7083,1415427660.0,6.456,21.371531966224367,121.8,65.4145810663765,2
1358,12107,1415082066.0,6.321,21.371531966224367,154.4,65.4145810663765,2
1359,3941,1414998553.0,3.901,21.371531966224367,60.6,65.4145810663765,2
1360,1798,1414913075.0,8.12,21.371531966224367,276.9,65.4145810663765,2
1361,4936,1414822706.0,3.943,21.371531966224367,131.1,65.4145810663765,2
1362,9730,1414648211.0,5.605,21.371531966224367,99.5,65.4145810663765,2
1363,5419,1414562610.0,3.884,21.371531966224367,59.1,65.4145810663765,2
1364,7338,1414475577.0,5.175,21.371531966224367,124.4,65.4145810663765,2
1366,227,1413987136.0,8.781,21.371531966224367,251.8,65.4145810663765,112
1367,5755,1413957182.0,4.517,21.371531966224367,73.6,65.4145810663765,112
1368,8712,1413870826.0,5.013,21.371531966224367,130.4,65.4145810663765,112
1369,15521,1413699030.0,7.632,21.371531966224367,147.0,65.4145810663765,112
1370,8706,1413439880.0,9.081,21.371531966224367,210.7,65.4145810663765,112
1371,8701,1413352838.0,5.003,21.371531966224367,125.0,65.4145810663765,112
1372,1347,1413268503.0,2.749,21.371531966224367,99.0,65.4145810663765,112
1374,562,1413265809.0,6.342,21.371531966224367,120.4,65.4145810663765,112
1375,7767,1412747518.0,5.151,21.371531966224367,126.8,65.4145810663765,112
1376,9011,1412661852.0,5.549,21.371531966224367,135.1,65.4145810663765,112
1377,808,1412489144.0,4.988,21.371531966224367,73.5,65.4145810663765,112
1378,5234,1412402384.0,5.746,21.371531966224367,124.9,65.4145810663765,112
1379,15000,1412229241.0,6.156,21.371531966224367,127.6,65.4145810663765,112
1380,9535,1412143238.0,5.112,21.371531966224367,128.0,65.4145810663765,112
1381,11648,1411451978.0,6.235,21.371531966224367,139.1,65.4145810663765,89
1382,14673,1411278532.0,4.241,21.371531966224367,101.3,65.4145810663765,89
1383,13176,1411106340.0,6.896,21.371531966224367,157.3,65.4145810663765,89
1384,10900,1410932917.0,5.234,21.371531966224367,125.2,65.4145810663765,89
1385,10345,1410846633.0,4.585,21.371531966224367,110.4,65.4145810663765,89
1386,7379,1410760133.0,6.785,21.371531966224367,162.5,65.4145810663765,89
1387,12646,1410587461.0,6.338,21.371531966224367,141.3,65.4145810663765,89
1388,10079,1410414593.0,5.011,21.371531966224367,127.9,65.4145810663765,89
1389,3999,1410066214.0,6.165,21.371531966224367,100.6,65.4145810663765,43
1390,3193,1409985243.0,5.689,21.371531966224367,101.4,65.4145810663765,43
1391,12996,1409809781.0,6.194,21.371531966224367,128.6,65.4145810663765,43
1392,10802,1409464142.0,6.159,21.371531966224367,124.8,65.4145810663765,43
1393,4524,1409291434.0,5.376,21.371531966224367,116.3,65.4145810663765,43
1394,13381,1409205132.0,6.218,21.371531966224367,140.8,65.4145810663765,43
1395,5110,1409032253.0,6.721,21.371531966224367,128.3,65.4145810663765,43
1396,10384,1408859834.0,6.766,21.371531966224367,137.7,65.4145810663765,43
1397,5453,1408686438.0,6.32,21.371531966224367,114.4,65.4145810663765,43
1398,9509,1408600169.0,6.264,21.371531966224367,137.7,65.4145810663765,43
1399,5189,1408513879.0,6.628,21.371531966224367,123.6,65.4145810663765,43
1400,7206,1408427584.0,6.134,21.371531966224367,148.7,65.4145810663765,43
1401,10773,1408254759.0,5.848,21.371531966224367,122.1,65.4145810663765,72
1402,8825,1408081975.0,5.678,21.371531966224367,146.6,65.4145810663765,72
1403,6079,1407995614.0,6.251,21.371531966224367,108.9,65.4145810663765,72
1404,8292,1407909221.0,6.7,21.371531966224367,122.9,65.4145810663765,72
1406,11282,1407649970.0,5.427,21.371531966224367,141.4,65.4145810663765,72
1407,10567,1407564208.0,6.59,21.371531966224367,117.5,65.4145810663765,72
1408,6327,1407390809.0,5.209,21.371531966224367,96.1,65.4145810663765,72
1409,5612,1407304441.0,5.027,21.371531966224367,111.2,65.4145810663765,72
1410,7353,1407217210.0,5.211,21.371531966224367,89.0,65.4145810663765,72
1411,1445,1407061005.0,5.476,21.371531966224367,117.1,65.4145810663765,72
1412,1049,1407055446.0,4.652,21.371531966224367,68.9,65.4145810663765,72
1413,1620,1407042582.0,6.531,21.371531966224367,111.7,65.4145810663765,72
1414,8605,1406872567.0,6.804,21.371531966224367,119.6,65.4145810663765,27
1415,3192,1406708266.0,5.789,21.371531966224367,108.8,65.4145810663765,27
1416,3115,1406701613.0,6.508,21.371531966224367,102.3,65.4145810663765,27
1417,5297,1406613376.0,5.67,21.371531966224367,109.8,65.4145810663765,27
1418,6018,1406440860.0,7.289,21.371531966224367,193.3,65.4145810663765,27
1419,2009,1406375909.0,4.387,21.371531966224367,87.7,65.4145810663765,27
1420,1561,1406285319.0,5.707,21.371531966224367,82.2,65.4145810663765,27
1421,7892,1406180980.0,5.862,21.371531966224367,99.9,65.4145810663765,27
1422,12992,1405841400.0,7.851,21.371531966224367,135.34960346070656,65.4145810663765,27
1423,2378,1405774519.0,11.844,21.371531966224367,379.4,65.4145810663765,27
1424,6376,1405489754.0,6.034,21.371531966224367,110.2,65.4145810663765,27
1425,7194,1405403495.0,6.163,21.371531966224367,116.4,65.4145810663765,27
1426,2887,1405318726.0,6.73,21.371531966224367,131.4,65.4145810663765,115
1427,6083,1404798822.0,6.246,21.371531966224367,112.7,65.4145810663765,115
1428,3493,1404750443.0,4.81,21.371531966224367,135.2,65.4145810663765,115
1429,1451,1404625444.0,6.861,21.371531966224367,122.8,65.4145810663765,115
1430,1593,1404547603.0,5.437,21.371531966224367,116.7,65.4145810663765,115
1431,653,1404540931.0,7.615,21.371531966224367,140.3,65.4145810663765,115
1432,1247,1404536212.0,6.601,21.371531966224367,90.0,65.4145810663765,115
1433,6493,1404453230.0,5.899,21.371531966224367,107.6,65.4145810663765,115
1434,12965,1404367220.0,6.595,21.371531966224367,127.5,65.4145810663765,115
1435,7842,1404280354.0,5.17,21.371531966224367,93.9,65.4145810663765,115
1436,5797,1404108243.0,6.162,21.371531966224367,121.8,65.4145810663765,115
1437,1364,1404063246.0,6.065,21.371531966224367,163.8,65.4145810663765,115
1438,5337,1403848459.0,5.517,21.371531966224367,129.1,65.4145810663765,63
1439,8107,1403762103.0,5.489,21.371531966224367,96.4,65.4145810663765,63
1440,3232,1403716402.0,5.179,21.371531966224367,150.5,65.4145810663765,63
1441,7888,1403675658.0,7.167,21.371531966224367,151.6,65.4145810663765,63
1442,4039,1403616267.0,5.946,21.371531966224367,191.0,65.4145810663765,63
1443,3203,1403544719.0,5.318,21.371531966224367,162.0,65.4145810663765,63
1444,6401,1403502402.0,5.902,21.371531966224367,103.6,65.4145810663765,63
1445,10945,1403416217.0,6.876,21.371531966224367,199.0,65.4145810663765,63
1446,9256,1403329836.0,6.078,21.371531966224367,115.7,65.4145810663765,63
1447,2854,1403285593.0,5.664,21.371531966224367,182.4,65.4145810663765,63
1448,1196,1403160676.0,5.741,21.371531966224367,202.1,65.4145810663765,63
1449,4473,1403110004.0,4.683,21.371531966224367,131.2,65.4145810663765,63
1450,1259,1403074214.0,5.488,21.371531966224367,182.5,65.4145810663765,63
1451,2928,1403067551.0,6.979,21.371531966224367,139.7,65.4145810663765,63
1452,3323,1403022575.0,6.34,21.371531966224367,126.8,65.4145810663765,63
1453,6492,1402984923.0,6.766,21.371531966224367,175.0,65.4145810663765,63
1455,1138,1402555809.0,5.998,21.371531966224367,210.9,65.4145810663765,8
1456,3184,1402549554.0,4.747,21.371531966224367,140.9,65.4145810663765,8
1457,1236,1402469278.0,5.605,21.371531966224367,180.9,65.4145810663765,8
1458,2540,1402463809.0,8.076,21.371531966224367,184.5,65.4145810663765,8
1459,1164,1402382841.0,5.943,21.371531966224367,193.8,65.4145810663765,8
1460,3642,1402315300.0,4.724,21.371531966224367,130.8,65.4145810663765,8
1461,794,1402307350.0,4.278,21.371531966224367,166.0,65.4145810663765,8
1462,1456,1402240037.0,5.401,21.371531966224367,116.3,65.4145810663765,8
1463,2533,1402221428.0,5.722,21.371531966224367,82.5,65.4145810663765,8
1464,11477,1402204674.0,5.48,21.371531966224367,192.6,65.4145810663765,8
1465,1622,1402146414.0,5.373,21.371531966224367,119.1,65.4145810663765,8
1466,4555,1402116950.0,7.22,21.371531966224367,135.2,65.4145810663765,8
1467,8661,1402034463.0,6.126,21.371531966224367,103.5,65.4145810663765,8
1468,13253,1401944200.0,6.938,21.371531966224367,142.4,65.4145810663765,8
1469,2806,1401900448.0,4.682,21.371531966224367,132.9,65.4145810663765,8
1470,5510,1401861001.0,6.259,21.371531966224367,114.5,65.4145810663765,8
1471,1075,1401815280.0,4.738,21.371531966224367,98.1,65.4145810663765,8
1472,8992,1401774446.0,6.237,21.371531966224367,111.7,65.4145810663765,8
1473,1352,1401615061.0,4.992,21.371531966224367,103.2,65.4145810663765,8
1474,867,1401599677.0,7.904,21.371531966224367,111.3,65.4145810663765,8
1475,13973,1401514745.0,5.327,21.371531966224367,148.0,65.4145810663765,8
1476,9067,1401428195.0,6.12,21.371531966224367,108.7,65.4145810663765,8
1477,2055,1401382945.0,5.67,21.371531966224367,113.4,65.4145810663765,8
1478,1761,1401297505.0,5.533,21.371531966224367,97.6,65.4145810663765,8
1479,14878,1401252833.0,7.92,21.371531966224367,180.1,65.4145810663765,102
1480,7178,1401169819.0,6.346,21.371531966224367,155.0,65.4145810663765,102
1481,1987,1401099106.0,5.003,21.371531966224367,152.7,65.4145810663765,102
1482,5714,1401083393.0,6.619,21.371531966224367,123.8,65.4145810663765,102
1483,2766,1401032115.0,6.128,21.371531966224367,112.5,65.4145810663765,102
1485,1993,1400955535.0,5.979,21.371531966224367,110.8,65.4145810663765,102
1486,11160,1400910706.0,6.408,21.371531966224367,189.8,65.4145810663765,102
1487,1495,1400830529.0,5.087,21.371531966224367,175.4,65.4145810663765,102
1489,869,1400824648.0,8.017,21.371531966224367,243.1,65.4145810663765,102
1490,9171,1400737859.0,6.512,21.371531966224367,127.0,65.4145810663765,102
1491,1105,1400687021.0,5.331,21.371531966224367,134.5,65.4145810663765,102
1492,1008,1400668826.0,6.458,21.371531966224367,85.1,65.4145810663765,102
1493,7941,1400651342.0,6.319,21.371531966224367,167.1,65.4145810663765,102
1495,3798,1400516335.0,5.678,21.371531966224367,99.5,65.4145810663765,102
1496,1445,1400488066.0,5.018,21.371531966224367,176.8,65.4145810663765,102
1498,1351,1400478239.0,5.819,21.371531966224367,139.3,65.4145810663765,102
1499,10666,1400390877.0,6.382,21.371531966224367,176.8,65.4145810663765,102
1500,6464,1400304096.0,6.779,21.371531966224367,172.6,65.4145810663765,102
1501,10768,1400217842.0,6.283,21.371531966224367,150.4,65.4145810663765,102
1502,4714,1400131723.0,6.439,21.371531966224367,125.2,65.4145810663765,102
1503,1361,1400070179.0,4.765,21.371531966224367,142.6,65.4145810663765,102
1504,3267,1400047050.0,5.654,21.371531966224367,103.8,65.4145810663765,102
1505,4377,1399959534.0,5.559,21.371531966224367,100.3,65.4145810663765,102
1506,4881,1399873552.0,5.397,21.371531966224367,85.0,65.4145810663765,102
1507,2567,1399828838.0,5.239,21.371531966224367,159.7,65.4145810663765,78
1508,17934,1399784330.0,5.743,21.371531966224367,189.3,65.4145810663765,78
1509,16342,1399700302.0,5.959,21.371531966224367,176.6,65.4145810663765,78
1510,17660,1399612962.0,5.884,21.371531966224367,194.4,65.4145810663765,78
1511,15054,1399526462.0,5.44,21.371531966224367,148.5,65.4145810663765,78
1512,17217,1399440213.0,5.899,21.371531966224367,190.8,65.4145810663765,78
1513,2958,1399356670.0,6.573,21.371531966224367,123.4,65.4145810663765,78
1514,8947,1399267323.0,8.167,21.371531966224367,179.5,65.4145810663765,78
1515,7653,1399181035.0,6.864,21.371531966224367,199.3,65.4145810663765,78
1516,6509,1399093980.0,6.909,21.371531966224367,149.4,65.4145810663765,78
1517,1987,1399051042.0,4.981,21.371531966224367,151.9,65.4145810663765,78
1518,5559,1399008924.0,6.806,21.371531966224367,125.5,65.4145810663765,78
1519,10243,1398837772.0,7.16,21.371531966224367,164.3,65.4145810663765,78
1520,5064,1398750503.0,7.295,21.371531966224367,161.1,65.4145810663765,78
1521,1175,1398716070.0,4.505,21.371531966224367,169.8,65.4145810663765,78
1522,1097,1398705292.0,5.509,21.371531966224367,126.4,65.4145810663765,78
1523,2951,1398665582.0,6.495,21.371531966224367,146.6,65.4145810663765,78
1524,11508,1398576135.0,5.74,21.371531966224367,159.6,65.4145810663765,28
1525,1023,1398509292.0,4.95,21.371531966224367,114.5,65.4145810663765,28
1526,16762,1398403535.0,6.998,21.371531966224367,133.7,65.4145810663765,28
1527,1084,1398365988.0,4.707,21.371531966224367,177.1,65.4145810663765,28
1528,693,1398357503.0,6.911,21.371531966224367,174.0,65.4145810663765,28
1529,966,1398329190.0,5.199,21.371531966224367,124.1,65.4145810663765,28
1530,4433,1398318424.0,7.601,21.371531966224367,148.8,65.4145810663765,28
1531,7999,1398232299.0,6.691,21.371531966224367,188.2,65.4145810663765,28
1532,1063,1398163400.0,5.575,21.371531966224367,217.4,65.4145810663765,28
1534,843,1398145196.0,6.911,21.371531966224367,166.3,65.4145810663765,28
1535,1210,1398113438.0,3.823,21.371531966224367,139.9,65.4145810663765,28
1536,874,1398097615.0,5.719,21.371531966224367,119.4,65.4145810663765,28
1537,2780,1398059893.0,4.995,21.371531966224367,90.6,65.4145810663765,28
1538,12458,1397972736.0,6.296,21.371531966224367,182.3,65.4145810663765,28
1539,1511,1397925867.0,4.121,21.371531966224367,123.9,65.4145810663765,28
1540,13116,1397886734.0,6.259,21.371531966224367,178.1,65.4145810663765,28
1541,1515,1397832299.0,4.519,21.371531966224367,76.2,65.4145810663765,28
1542,9517,1397800238.0,6.807,21.371531966224367,158.7,65.4145810663765,28
1543,6971,1397713492.0,6.507,21.371531966224367,113.8,65.4145810663765,28
1544,6399,1397628232.0,6.734,21.371531966224367,121.0,65.4145810663765,28
1545,6186,1397541900.0,6.782,21.371531966224367,130.9,65.4145810663765,28
1546,16697,1397368410.0,5.52,21.371531966224367,161.1,65.4145810663765,113
1547,1877,1397327588.0,5.415,21.371531966224367,127.1,65.4145810663765,113
1548,9694,1397280439.0,5.63,21.371531966224367,126.4,65.4145810663765,113
1549,6828,1397196364.0,5.869,21.371531966224367,101.1,65.4145810663765,113
1550,4482,1397110219.0,6.39,21.371531966224367,123.0,65.4145810663765,113
1551,6018,1396936015.0,5.985,21.371531966224367,107.7,65.4145810663765,113
1552,2175,1396898235.0,5.225,21.371531966224367,107.7,65.4145810663765,113
1553,688,1396887699.0,6.712,21.371531966224367,89.6,65.4145810663765,113
1556,4721,1396590829.0,7.231,21.371531966224367,144.2,65.4145810663765,113
1557,21001,1396504707.0,6.218,21.371531966224367,110.7,65.4145810663765,113
1558,1138,1396461981.0,5.2,21.371531966224367,201.0,65.4145810663765,113
1565,8019,1395987221.0,5.474,21.371531966224367,132.2,65.4145810663765,113
1566,8614,1395816123.0,4.886,21.371531966224367,112.8,65.4145810663765,113
1571,2315,1392617167.0,8.05,21.371531966224367,162.8,65.4145810663765,15
1572,4302,1392531681.0,7.836,21.371531966224367,152.8,65.4145810663765,15
1573,2936,1392443996.0,6.423,21.371531966224367,109.0,65.4145810663765,15
1574,3014,1392357652.0,6.204,21.371531966224367,106.2,65.4145810663765,15
1575,3136,1392271249.0,6.004,21.371531966224367,100.4,65.4145810663765,15
1576,2838,1392184729.0,6.619,21.371531966224367,114.3,65.4145810663765,15
1577,3987,1392099162.0,6.722,21.371531966224367,124.4,65.4145810663765,15
1578,5144,1391753233.0,7.591,21.371531966224367,163.9,65.4145810663765,15
1579,2947,1391321966.0,6.963,21.371531966224367,135.7,65.4145810663765,15
1581,347,1390631858.0,4.71,21.371531966224367,134.0,65.4145810663765,87
1582,2311,1390457913.0,8.139,21.371531966224367,174.5,65.4145810663765,87
1583,2081,1390290869.0,5.552,21.371531966224367,108.1,65.4145810663765,87
1584,6739,1390111117.0,6.47,21.371531966224367,145.9,65.4145810663765,87
1585,2871,1390024331.0,6.597,21.371531966224367,115.1,65.4145810663765,87
1586,2364,1389938676.0,8.036,21.371531966224367,173.7,65.4145810663765,87
1587,2921,1389852067.0,6.284,21.371531966224367,106.4,65.4145810663765,87
1588,2653,1389679526.0,6.961,21.371531966224367,133.9,65.4145810663765,87
1589,729,1389505675.0,6.321,21.371531966224367,111.9,65.4145810663765,87
1590,987,1388508963.0,4.787,21.371531966224367,114.4,65.4145810663765,45
1591,625,1388501211.0,6.635,21.371531966224367,65.3,65.4145810663765,45
1592,3044,1388470945.0,6.074,21.371531966224367,121.7,65.4145810663765,45
1593,2820,1388384814.0,6.481,21.371531966224367,111.9,65.4145810663765,45
1594,3717,1388211454.0,6.646,21.371531966224367,115.9,65.4145810663765,45
1595,3823,1388124618.0,7.041,21.371531966224367,123.2,65.4145810663765,45
1596,3429,1388038319.0,6.229,21.371531966224367,114.3,65.4145810663765,45
1597,3704,1387865630.0,6.508,21.371531966224367,130.8,65.4145810663765,45
1598,3159,1387780274.0,7.116,21.371531966224367,138.5,65.4145810663765,45
1599,2695,1387520557.0,6.721,21.371531966224367,128.9,65.4145810663765,45
1600,2510,1387347133.0,7.489,21.371531966224367,135.34960346070656,65.4145810663765,45
